/*
SQLyog Ultimate v13.1.1 (64 bit)
MySQL - 8.0.15 : Database - ry-vue
*********************************************************************
*/

/*!40101 SET NAMES utf8 */;

/*!40101 SET SQL_MODE = ''*/;

/*!40014 SET @OLD_UNIQUE_CHECKS = @@UNIQUE_CHECKS, UNIQUE_CHECKS = 0 */;
/*!40014 SET @OLD_FOREIGN_KEY_CHECKS = @@FOREIGN_KEY_CHECKS, FOREIGN_KEY_CHECKS = 0 */;
/*!40101 SET @OLD_SQL_MODE = @@SQL_MODE, SQL_MODE = 'NO_AUTO_VALUE_ON_ZERO' */;
/*!40111 SET @OLD_SQL_NOTES = @@SQL_NOTES, SQL_NOTES = 0 */;
CREATE DATABASE /*!32312 IF NOT EXISTS */`ry-vue` /*!40100 DEFAULT CHARACTER SET utf8mb4 COLLATE utf8mb4_0900_ai_ci */;

USE `ry-vue`;

/*Table structure for table `gen_table` */

DROP TABLE IF EXISTS `gen_table`;

CREATE TABLE `gen_table`
(
    `table_id`        bigint(20) NOT NULL AUTO_INCREMENT COMMENT 'ç¼–å·',
    `table_name`      varchar(200)  DEFAULT '' COMMENT 'è¡¨åç§°',
    `table_comment`   varchar(500)  DEFAULT '' COMMENT 'è¡¨æè¿°',
    `class_name`      varchar(100)  DEFAULT '' COMMENT 'å®ä½“ç±»åç§°',
    `tpl_category`    varchar(200)  DEFAULT 'crud' COMMENT 'ä½¿ç”¨çš„æ¨¡æ¿ï¼ˆcrudå•è¡¨æ“ä½œ treeæ ‘è¡¨æ“ä½œï¼‰',
    `package_name`    varchar(100)  DEFAULT NULL COMMENT 'ç”ŸæˆåŒ…è·¯å¾„',
    `module_name`     varchar(30)   DEFAULT NULL COMMENT 'ç”Ÿæˆæ¨¡å—å',
    `business_name`   varchar(30)   DEFAULT NULL COMMENT 'ç”Ÿæˆä¸šåŠ¡å',
    `function_name`   varchar(50)   DEFAULT NULL COMMENT 'ç”ŸæˆåŠŸèƒ½å',
    `function_author` varchar(50)   DEFAULT NULL COMMENT 'ç”ŸæˆåŠŸèƒ½ä½œè€…',
    `options`         varchar(1000) DEFAULT NULL COMMENT 'å…¶å®ƒç”Ÿæˆé€‰é¡¹',
    `create_by`       varchar(64)   DEFAULT '' COMMENT 'åˆ›å»ºè€…',
    `create_time`     datetime      DEFAULT NULL COMMENT 'åˆ›å»ºæ—¶é—´',
    `update_by`       varchar(64)   DEFAULT '' COMMENT 'æ›´æ–°è€…',
    `update_time`     datetime      DEFAULT NULL COMMENT 'æ›´æ–°æ—¶é—´',
    `remark`          varchar(500)  DEFAULT NULL COMMENT 'å¤‡æ³¨',
    PRIMARY KEY (`table_id`)
) ENGINE = InnoDB
  DEFAULT CHARSET = utf8mb4
  COLLATE = utf8mb4_0900_ai_ci COMMENT ='ä»£ç ç”Ÿæˆä¸šåŠ¡è¡¨';

/*Data for the table `gen_table` */

/*Table structure for table `gen_table_column` */

DROP TABLE IF EXISTS `gen_table_column`;

CREATE TABLE `gen_table_column`
(
    `column_id`      bigint(20) NOT NULL AUTO_INCREMENT COMMENT 'ç¼–å·',
    `table_id`       varchar(64)  DEFAULT NULL COMMENT 'å½’å±è¡¨ç¼–å·',
    `column_name`    varchar(200) DEFAULT NULL COMMENT 'åˆ—åç§°',
    `column_comment` varchar(500) DEFAULT NULL COMMENT 'åˆ—æè¿°',
    `column_type`    varchar(100) DEFAULT NULL COMMENT 'åˆ—ç±»å‹',
    `java_type`      varchar(500) DEFAULT NULL COMMENT 'JAVAç±»å‹',
    `java_field`     varchar(200) DEFAULT NULL COMMENT 'JAVAå­—æ®µå',
    `is_pk`          char(1)      DEFAULT NULL COMMENT 'æ˜¯å¦ä¸»é”®ï¼ˆ1æ˜¯ï¼‰',
    `is_increment`   char(1)      DEFAULT NULL COMMENT 'æ˜¯å¦è‡ªå¢ï¼ˆ1æ˜¯ï¼‰',
    `is_required`    char(1)      DEFAULT NULL COMMENT 'æ˜¯å¦å¿…å¡«ï¼ˆ1æ˜¯ï¼‰',
    `is_insert`      char(1)      DEFAULT NULL COMMENT 'æ˜¯å¦ä¸ºæ’å…¥å­—æ®µï¼ˆ1æ˜¯ï¼‰',
    `is_edit`        char(1)      DEFAULT NULL COMMENT 'æ˜¯å¦ç¼–è¾‘å­—æ®µï¼ˆ1æ˜¯ï¼‰',
    `is_list`        char(1)      DEFAULT NULL COMMENT 'æ˜¯å¦åˆ—è¡¨å­—æ®µï¼ˆ1æ˜¯ï¼‰',
    `is_query`       char(1)      DEFAULT NULL COMMENT 'æ˜¯å¦æŸ¥è¯¢å­—æ®µï¼ˆ1æ˜¯ï¼‰',
    `query_type`     varchar(200) DEFAULT 'EQ' COMMENT 'æŸ¥è¯¢æ–¹å¼ï¼ˆç­‰äºã€ä¸ç­‰äºã€å¤§äºã€å°äºã€èŒƒå›´ï¼‰',
    `html_type`      varchar(200) DEFAULT NULL COMMENT 'æ˜¾ç¤ºç±»å‹ï¼ˆæ–‡æœ¬æ¡†ã€æ–‡æœ¬åŸŸã€ä¸‹æ‹‰æ¡†ã€å¤é€‰æ¡†ã€å•é€‰æ¡†ã€æ—¥æœŸæ§ä»¶ï¼‰',
    `dict_type`      varchar(200) DEFAULT '' COMMENT 'å­—å…¸ç±»å‹',
    `sort`           int(11)      DEFAULT NULL COMMENT 'æ’åº',
    `create_by`      varchar(64)  DEFAULT '' COMMENT 'åˆ›å»ºè€…',
    `create_time`    datetime     DEFAULT NULL COMMENT 'åˆ›å»ºæ—¶é—´',
    `update_by`      varchar(64)  DEFAULT '' COMMENT 'æ›´æ–°è€…',
    `update_time`    datetime     DEFAULT NULL COMMENT 'æ›´æ–°æ—¶é—´',
    PRIMARY KEY (`column_id`)
) ENGINE = InnoDB
  DEFAULT CHARSET = utf8mb4
  COLLATE = utf8mb4_0900_ai_ci COMMENT ='ä»£ç ç”Ÿæˆä¸šåŠ¡è¡¨å­—æ®µ';

/*Data for the table `gen_table_column` */

/*Table structure for table `QRTZ_BLOB_TRIGGERS` */

DROP TABLE IF EXISTS `QRTZ_BLOB_TRIGGERS`;

CREATE TABLE `QRTZ_BLOB_TRIGGERS`
(
    `sched_name`    varchar(120) NOT NULL,
    `trigger_name`  varchar(200) NOT NULL,
    `trigger_group` varchar(200) NOT NULL,
    `blob_data`     blob,
    PRIMARY KEY (`sched_name`, `trigger_name`, `trigger_group`),
    CONSTRAINT `qrtz_blob_triggers_ibfk_1` FOREIGN KEY (`sched_name`, `trigger_name`, `trigger_group`) REFERENCES `QRTZ_TRIGGERS` (`sched_name`, `trigger_name`, `trigger_group`)
) ENGINE = InnoDB
  DEFAULT CHARSET = utf8mb4
  COLLATE = utf8mb4_0900_ai_ci;

/*Data for the table `QRTZ_BLOB_TRIGGERS` */

/*Table structure for table `QRTZ_CALENDARS` */

DROP TABLE IF EXISTS `QRTZ_CALENDARS`;

CREATE TABLE `QRTZ_CALENDARS`
(
    `sched_name`    varchar(120) NOT NULL,
    `calendar_name` varchar(200) NOT NULL,
    `calendar`      blob         NOT NULL,
    PRIMARY KEY (`sched_name`, `calendar_name`)
) ENGINE = InnoDB
  DEFAULT CHARSET = utf8mb4
  COLLATE = utf8mb4_0900_ai_ci;

/*Data for the table `QRTZ_CALENDARS` */

/*Table structure for table `QRTZ_CRON_TRIGGERS` */

DROP TABLE IF EXISTS `QRTZ_CRON_TRIGGERS`;

CREATE TABLE `QRTZ_CRON_TRIGGERS`
(
    `sched_name`      varchar(120) NOT NULL,
    `trigger_name`    varchar(200) NOT NULL,
    `trigger_group`   varchar(200) NOT NULL,
    `cron_expression` varchar(200) NOT NULL,
    `time_zone_id`    varchar(80) DEFAULT NULL,
    PRIMARY KEY (`sched_name`, `trigger_name`, `trigger_group`),
    CONSTRAINT `qrtz_cron_triggers_ibfk_1` FOREIGN KEY (`sched_name`, `trigger_name`, `trigger_group`) REFERENCES `QRTZ_TRIGGERS` (`sched_name`, `trigger_name`, `trigger_group`)
) ENGINE = InnoDB
  DEFAULT CHARSET = utf8mb4
  COLLATE = utf8mb4_0900_ai_ci;

/*Data for the table `QRTZ_CRON_TRIGGERS` */

insert into `QRTZ_CRON_TRIGGERS`(`sched_name`, `trigger_name`, `trigger_group`, `cron_expression`, `time_zone_id`)
values ('RuoyiScheduler', 'TASK_CLASS_NAME1', 'DEFAULT', '0/10 * * * * ?', 'Asia/Shanghai'),
       ('RuoyiScheduler', 'TASK_CLASS_NAME2', 'DEFAULT', '0/15 * * * * ?', 'Asia/Shanghai'),
       ('RuoyiScheduler', 'TASK_CLASS_NAME3', 'DEFAULT', '0/20 * * * * ?', 'Asia/Shanghai');

/*Table structure for table `QRTZ_FIRED_TRIGGERS` */

DROP TABLE IF EXISTS `QRTZ_FIRED_TRIGGERS`;

CREATE TABLE `QRTZ_FIRED_TRIGGERS`
(
    `sched_name`        varchar(120) NOT NULL,
    `entry_id`          varchar(95)  NOT NULL,
    `trigger_name`      varchar(200) NOT NULL,
    `trigger_group`     varchar(200) NOT NULL,
    `instance_name`     varchar(200) NOT NULL,
    `fired_time`        bigint(13)   NOT NULL,
    `sched_time`        bigint(13)   NOT NULL,
    `priority`          int(11)      NOT NULL,
    `state`             varchar(16)  NOT NULL,
    `job_name`          varchar(200) DEFAULT NULL,
    `job_group`         varchar(200) DEFAULT NULL,
    `is_nonconcurrent`  varchar(1)   DEFAULT NULL,
    `requests_recovery` varchar(1)   DEFAULT NULL,
    PRIMARY KEY (`sched_name`, `entry_id`)
) ENGINE = InnoDB
  DEFAULT CHARSET = utf8mb4
  COLLATE = utf8mb4_0900_ai_ci;

/*Data for the table `QRTZ_FIRED_TRIGGERS` */

/*Table structure for table `QRTZ_JOB_DETAILS` */

DROP TABLE IF EXISTS `QRTZ_JOB_DETAILS`;

CREATE TABLE `QRTZ_JOB_DETAILS`
(
    `sched_name`        varchar(120) NOT NULL,
    `job_name`          varchar(200) NOT NULL,
    `job_group`         varchar(200) NOT NULL,
    `description`       varchar(250) DEFAULT NULL,
    `job_class_name`    varchar(250) NOT NULL,
    `is_durable`        varchar(1)   NOT NULL,
    `is_nonconcurrent`  varchar(1)   NOT NULL,
    `is_update_data`    varchar(1)   NOT NULL,
    `requests_recovery` varchar(1)   NOT NULL,
    `job_data`          blob,
    PRIMARY KEY (`sched_name`, `job_name`, `job_group`)
) ENGINE = InnoDB
  DEFAULT CHARSET = utf8mb4
  COLLATE = utf8mb4_0900_ai_ci;

/*Data for the table `QRTZ_JOB_DETAILS` */

insert into `QRTZ_JOB_DETAILS`(`sched_name`, `job_name`, `job_group`, `description`, `job_class_name`, `is_durable`,
                               `is_nonconcurrent`, `is_update_data`, `requests_recovery`, `job_data`)
values ('RuoyiScheduler', 'TASK_CLASS_NAME1', 'DEFAULT', NULL,
        'com.ruoyi.common.utils.job.QuartzDisallowConcurrentExecution', '0', '1', '0', '0',
        'ï¿½ï¿½\0sr\0org.quartz.JobDataMapï¿½ï¿½ï¿½è¿©ï¿½ï¿½\0\0xr\0&org.quartz.utils.StringKeyDirtyFlagMapï¿½ï¿½ï¿½ï¿½ï¿½](\0Z\0allowsTransientDataxr\0org.quartz.utils.DirtyFlagMapï¿½.ï¿½(v\nï¿½\0Z\0dirtyL\0mapt\0Ljava/util/Map;xpsr\0java.util.HashMapï¿½ï¿½ï¿½`ï¿½\0F\0\nloadFactorI\0	thresholdxp?@\0\0\0\0\0w\0\0\0\0\0\0t\0TASK_PROPERTIESsr\0\'com.ruoyi.project.monitor.domain.SysJob\0\0\0\0\0\0\0\0L\0\nconcurrentt\0Ljava/lang/String;L\0cronExpressionq\0~\0	L\0invokeTargetq\0~\0	L\0jobGroupq\0~\0	L\0jobIdt\0Ljava/lang/Long;L\0jobNameq\0~\0	L\0\rmisfirePolicyq\0~\0	L\0statusq\0~\0	xr\0)com.ruoyi.framework.web.domain.BaseEntity\0\0\0\0\0\0\0\0\nL\0	beginTimeq\0~\0	L\0createByq\0~\0	L\0\ncreateTimet\0Ljava/util/Date;L\0	dataScopeq\0~\0	L\0endTimeq\0~\0	L\0paramsq\0~\0L\0remarkq\0~\0	L\0searchValueq\0~\0	L\0updateByq\0~\0	L\0\nupdateTimeq\0~\0xppt\0adminsr\0java.util.Datehjï¿½KYt\0\0xpw\0\0b,ï¿½)ï¿½xpppt\0\0pppt\01t\00/10 * * * * ?t\0ryTask.ryNoParamst\0DEFAULTsr\0java.lang.Long;ï¿½ï¿½Ì#ï¿½\0J\0valuexr\0java.lang.Numberï¿½ï¿½ï¿½ï¿½ï¿½ï¿½\0\0xp\0\0\0\0\0\0\0t\0ç³»ç»Ÿé»˜è®¤ï¼ˆæ— å‚ï¼‰t\03t\01x\0'),
       ('RuoyiScheduler', 'TASK_CLASS_NAME2', 'DEFAULT', NULL,
        'com.ruoyi.common.utils.job.QuartzDisallowConcurrentExecution', '0', '1', '0', '0',
        'ï¿½ï¿½\0sr\0org.quartz.JobDataMapï¿½ï¿½ï¿½è¿©ï¿½ï¿½\0\0xr\0&org.quartz.utils.StringKeyDirtyFlagMapï¿½ï¿½ï¿½ï¿½ï¿½](\0Z\0allowsTransientDataxr\0org.quartz.utils.DirtyFlagMapï¿½.ï¿½(v\nï¿½\0Z\0dirtyL\0mapt\0Ljava/util/Map;xpsr\0java.util.HashMapï¿½ï¿½ï¿½`ï¿½\0F\0\nloadFactorI\0	thresholdxp?@\0\0\0\0\0w\0\0\0\0\0\0t\0TASK_PROPERTIESsr\0\'com.ruoyi.project.monitor.domain.SysJob\0\0\0\0\0\0\0\0L\0\nconcurrentt\0Ljava/lang/String;L\0cronExpressionq\0~\0	L\0invokeTargetq\0~\0	L\0jobGroupq\0~\0	L\0jobIdt\0Ljava/lang/Long;L\0jobNameq\0~\0	L\0\rmisfirePolicyq\0~\0	L\0statusq\0~\0	xr\0)com.ruoyi.framework.web.domain.BaseEntity\0\0\0\0\0\0\0\0\nL\0	beginTimeq\0~\0	L\0createByq\0~\0	L\0\ncreateTimet\0Ljava/util/Date;L\0	dataScopeq\0~\0	L\0endTimeq\0~\0	L\0paramsq\0~\0L\0remarkq\0~\0	L\0searchValueq\0~\0	L\0updateByq\0~\0	L\0\nupdateTimeq\0~\0xppt\0adminsr\0java.util.Datehjï¿½KYt\0\0xpw\0\0b,ï¿½)ï¿½xpppt\0\0pppt\01t\00/15 * * * * ?t\0ryTask.ryParams(\'ry\')t\0DEFAULTsr\0java.lang.Long;ï¿½ï¿½Ì#ï¿½\0J\0valuexr\0java.lang.Numberï¿½ï¿½ï¿½ï¿½ï¿½ï¿½\0\0xp\0\0\0\0\0\0\0t\0ç³»ç»Ÿé»˜è®¤ï¼ˆæœ‰å‚ï¼‰t\03t\01x\0'),
       ('RuoyiScheduler', 'TASK_CLASS_NAME3', 'DEFAULT', NULL,
        'com.ruoyi.common.utils.job.QuartzDisallowConcurrentExecution', '0', '1', '0', '0',
        'ï¿½ï¿½\0sr\0org.quartz.JobDataMapï¿½ï¿½ï¿½è¿©ï¿½ï¿½\0\0xr\0&org.quartz.utils.StringKeyDirtyFlagMapï¿½ï¿½ï¿½ï¿½ï¿½](\0Z\0allowsTransientDataxr\0org.quartz.utils.DirtyFlagMapï¿½.ï¿½(v\nï¿½\0Z\0dirtyL\0mapt\0Ljava/util/Map;xpsr\0java.util.HashMapï¿½ï¿½ï¿½`ï¿½\0F\0\nloadFactorI\0	thresholdxp?@\0\0\0\0\0w\0\0\0\0\0\0t\0TASK_PROPERTIESsr\0\'com.ruoyi.project.monitor.domain.SysJob\0\0\0\0\0\0\0\0L\0\nconcurrentt\0Ljava/lang/String;L\0cronExpressionq\0~\0	L\0invokeTargetq\0~\0	L\0jobGroupq\0~\0	L\0jobIdt\0Ljava/lang/Long;L\0jobNameq\0~\0	L\0\rmisfirePolicyq\0~\0	L\0statusq\0~\0	xr\0)com.ruoyi.framework.web.domain.BaseEntity\0\0\0\0\0\0\0\0\nL\0	beginTimeq\0~\0	L\0createByq\0~\0	L\0\ncreateTimet\0Ljava/util/Date;L\0	dataScopeq\0~\0	L\0endTimeq\0~\0	L\0paramsq\0~\0L\0remarkq\0~\0	L\0searchValueq\0~\0	L\0updateByq\0~\0	L\0\nupdateTimeq\0~\0xppt\0adminsr\0java.util.Datehjï¿½KYt\0\0xpw\0\0b,ï¿½)ï¿½xpppt\0\0pppt\01t\00/20 * * * * ?t\08ryTask.ryMultipleParams(\'ry\', true, 2000L, 316.50D, 100)t\0DEFAULTsr\0java.lang.Long;ï¿½ï¿½Ì#ï¿½\0J\0valuexr\0java.lang.Numberï¿½ï¿½ï¿½ï¿½ï¿½ï¿½\0\0xp\0\0\0\0\0\0\0t\0ç³»ç»Ÿé»˜è®¤ï¼ˆå¤šå‚ï¼‰t\03t\01x\0');

/*Table structure for table `QRTZ_LOCKS` */

DROP TABLE IF EXISTS `QRTZ_LOCKS`;

CREATE TABLE `QRTZ_LOCKS`
(
    `sched_name` varchar(120) NOT NULL,
    `lock_name`  varchar(40)  NOT NULL,
    PRIMARY KEY (`sched_name`, `lock_name`)
) ENGINE = InnoDB
  DEFAULT CHARSET = utf8mb4
  COLLATE = utf8mb4_0900_ai_ci;

/*Data for the table `QRTZ_LOCKS` */

insert into `QRTZ_LOCKS`(`sched_name`, `lock_name`)
values ('RuoyiScheduler', 'STATE_ACCESS'),
       ('RuoyiScheduler', 'TRIGGER_ACCESS');

/*Table structure for table `QRTZ_PAUSED_TRIGGER_GRPS` */

DROP TABLE IF EXISTS `QRTZ_PAUSED_TRIGGER_GRPS`;

CREATE TABLE `QRTZ_PAUSED_TRIGGER_GRPS`
(
    `sched_name`    varchar(120) NOT NULL,
    `trigger_group` varchar(200) NOT NULL,
    PRIMARY KEY (`sched_name`, `trigger_group`)
) ENGINE = InnoDB
  DEFAULT CHARSET = utf8mb4
  COLLATE = utf8mb4_0900_ai_ci;

/*Data for the table `QRTZ_PAUSED_TRIGGER_GRPS` */

/*Table structure for table `QRTZ_SCHEDULER_STATE` */

DROP TABLE IF EXISTS `QRTZ_SCHEDULER_STATE`;

CREATE TABLE `QRTZ_SCHEDULER_STATE`
(
    `sched_name`        varchar(120) NOT NULL,
    `instance_name`     varchar(200) NOT NULL,
    `last_checkin_time` bigint(13)   NOT NULL,
    `checkin_interval`  bigint(13)   NOT NULL,
    PRIMARY KEY (`sched_name`, `instance_name`)
) ENGINE = InnoDB
  DEFAULT CHARSET = utf8mb4
  COLLATE = utf8mb4_0900_ai_ci;

/*Data for the table `QRTZ_SCHEDULER_STATE` */

insert into `QRTZ_SCHEDULER_STATE`(`sched_name`, `instance_name`, `last_checkin_time`, `checkin_interval`)
values ('RuoyiScheduler', 'JL-PC1587785711907', 1587787380431, 15000);

/*Table structure for table `QRTZ_SIMPLE_TRIGGERS` */

DROP TABLE IF EXISTS `QRTZ_SIMPLE_TRIGGERS`;

CREATE TABLE `QRTZ_SIMPLE_TRIGGERS`
(
    `sched_name`      varchar(120) NOT NULL,
    `trigger_name`    varchar(200) NOT NULL,
    `trigger_group`   varchar(200) NOT NULL,
    `repeat_count`    bigint(7)    NOT NULL,
    `repeat_interval` bigint(12)   NOT NULL,
    `times_triggered` bigint(10)   NOT NULL,
    PRIMARY KEY (`sched_name`, `trigger_name`, `trigger_group`),
    CONSTRAINT `qrtz_simple_triggers_ibfk_1` FOREIGN KEY (`sched_name`, `trigger_name`, `trigger_group`) REFERENCES `QRTZ_TRIGGERS` (`sched_name`, `trigger_name`, `trigger_group`)
) ENGINE = InnoDB
  DEFAULT CHARSET = utf8mb4
  COLLATE = utf8mb4_0900_ai_ci;

/*Data for the table `QRTZ_SIMPLE_TRIGGERS` */

/*Table structure for table `QRTZ_SIMPROP_TRIGGERS` */

DROP TABLE IF EXISTS `QRTZ_SIMPROP_TRIGGERS`;

CREATE TABLE `QRTZ_SIMPROP_TRIGGERS`
(
    `sched_name`    varchar(120) NOT NULL,
    `trigger_name`  varchar(200) NOT NULL,
    `trigger_group` varchar(200) NOT NULL,
    `str_prop_1`    varchar(512)   DEFAULT NULL,
    `str_prop_2`    varchar(512)   DEFAULT NULL,
    `str_prop_3`    varchar(512)   DEFAULT NULL,
    `int_prop_1`    int(11)        DEFAULT NULL,
    `int_prop_2`    int(11)        DEFAULT NULL,
    `long_prop_1`   bigint(20)     DEFAULT NULL,
    `long_prop_2`   bigint(20)     DEFAULT NULL,
    `dec_prop_1`    decimal(13, 4) DEFAULT NULL,
    `dec_prop_2`    decimal(13, 4) DEFAULT NULL,
    `bool_prop_1`   varchar(1)     DEFAULT NULL,
    `bool_prop_2`   varchar(1)     DEFAULT NULL,
    PRIMARY KEY (`sched_name`, `trigger_name`, `trigger_group`),
    CONSTRAINT `qrtz_simprop_triggers_ibfk_1` FOREIGN KEY (`sched_name`, `trigger_name`, `trigger_group`) REFERENCES `QRTZ_TRIGGERS` (`sched_name`, `trigger_name`, `trigger_group`)
) ENGINE = InnoDB
  DEFAULT CHARSET = utf8mb4
  COLLATE = utf8mb4_0900_ai_ci;

/*Data for the table `QRTZ_SIMPROP_TRIGGERS` */

/*Table structure for table `QRTZ_TRIGGERS` */

DROP TABLE IF EXISTS `QRTZ_TRIGGERS`;

CREATE TABLE `QRTZ_TRIGGERS`
(
    `sched_name`     varchar(120) NOT NULL,
    `trigger_name`   varchar(200) NOT NULL,
    `trigger_group`  varchar(200) NOT NULL,
    `job_name`       varchar(200) NOT NULL,
    `job_group`      varchar(200) NOT NULL,
    `description`    varchar(250) DEFAULT NULL,
    `next_fire_time` bigint(13)   DEFAULT NULL,
    `prev_fire_time` bigint(13)   DEFAULT NULL,
    `priority`       int(11)      DEFAULT NULL,
    `trigger_state`  varchar(16)  NOT NULL,
    `trigger_type`   varchar(8)   NOT NULL,
    `start_time`     bigint(13)   NOT NULL,
    `end_time`       bigint(13)   DEFAULT NULL,
    `calendar_name`  varchar(200) DEFAULT NULL,
    `misfire_instr`  smallint(2)  DEFAULT NULL,
    `job_data`       blob,
    PRIMARY KEY (`sched_name`, `trigger_name`, `trigger_group`),
    KEY `sched_name` (`sched_name`, `job_name`, `job_group`),
    CONSTRAINT `qrtz_triggers_ibfk_1` FOREIGN KEY (`sched_name`, `job_name`, `job_group`) REFERENCES `QRTZ_JOB_DETAILS` (`sched_name`, `job_name`, `job_group`)
) ENGINE = InnoDB
  DEFAULT CHARSET = utf8mb4
  COLLATE = utf8mb4_0900_ai_ci;

/*Data for the table `QRTZ_TRIGGERS` */

insert into `QRTZ_TRIGGERS`(`sched_name`, `trigger_name`, `trigger_group`, `job_name`, `job_group`, `description`,
                            `next_fire_time`, `prev_fire_time`, `priority`, `trigger_state`, `trigger_type`,
                            `start_time`, `end_time`, `calendar_name`, `misfire_instr`, `job_data`)
values ('RuoyiScheduler', 'TASK_CLASS_NAME1', 'DEFAULT', 'TASK_CLASS_NAME1', 'DEFAULT', NULL, 1587787310000, -1, 5,
        'PAUSED', 'CRON', 1587785712000, 0, NULL, 2, ''),
       ('RuoyiScheduler', 'TASK_CLASS_NAME2', 'DEFAULT', 'TASK_CLASS_NAME2', 'DEFAULT', NULL, 1587785715000, -1, 5,
        'PAUSED', 'CRON', 1587785712000, 0, NULL, 2, ''),
       ('RuoyiScheduler', 'TASK_CLASS_NAME3', 'DEFAULT', 'TASK_CLASS_NAME3', 'DEFAULT', NULL, 1587785720000, -1, 5,
        'PAUSED', 'CRON', 1587785712000, 0, NULL, 2, '');

/*Table structure for table `sys_config` */

DROP TABLE IF EXISTS `sys_config`;

CREATE TABLE `sys_config`
(
    `config_id`    int(5) NOT NULL AUTO_INCREMENT COMMENT 'å‚æ•°ä¸»é”®',
    `config_name`  varchar(100) DEFAULT '' COMMENT 'å‚æ•°åç§°',
    `config_key`   varchar(100) DEFAULT '' COMMENT 'å‚æ•°é”®å',
    `config_value` varchar(500) DEFAULT '' COMMENT 'å‚æ•°é”®å€¼',
    `config_type`  char(1)      DEFAULT 'N' COMMENT 'ç³»ç»Ÿå†…ç½®ï¼ˆYæ˜¯ Nå¦ï¼‰',
    `create_by`    varchar(64)  DEFAULT '' COMMENT 'åˆ›å»ºè€…',
    `create_time`  datetime     DEFAULT NULL COMMENT 'åˆ›å»ºæ—¶é—´',
    `update_by`    varchar(64)  DEFAULT '' COMMENT 'æ›´æ–°è€…',
    `update_time`  datetime     DEFAULT NULL COMMENT 'æ›´æ–°æ—¶é—´',
    `remark`       varchar(500) DEFAULT NULL COMMENT 'å¤‡æ³¨',
    PRIMARY KEY (`config_id`)
) ENGINE = InnoDB
  AUTO_INCREMENT = 100
  DEFAULT CHARSET = utf8mb4
  COLLATE = utf8mb4_0900_ai_ci COMMENT ='å‚æ•°é…ç½®è¡¨';

/*Data for the table `sys_config` */

insert into `sys_config`(`config_id`, `config_name`, `config_key`, `config_value`, `config_type`, `create_by`,
                         `create_time`, `update_by`, `update_time`, `remark`)
values (1, 'ä¸»æ¡†æ¶é¡µ-é»˜è®¤çš®è‚¤æ ·å¼åç§°', 'sys.index.skinName', 'skin-blue', 'Y', 'admin', '2018-03-16 11:33:00', 'ry',
        '2018-03-16 11:33:00', 'è“è‰² skin-blueã€ç»¿è‰² skin-greenã€ç´«è‰² skin-purpleã€çº¢è‰² skin-redã€é»„è‰² skin-yellow'),
       (2, 'ç”¨æˆ·ç®¡ç†-è´¦å·åˆå§‹å¯†ç ', 'sys.user.initPassword', '123456', 'Y', 'admin', '2018-03-16 11:33:00', 'ry',
        '2018-03-16 11:33:00', 'åˆå§‹åŒ–å¯†ç  123456'),
       (3, 'ä¸»æ¡†æ¶é¡µ-ä¾§è¾¹æ ä¸»é¢˜', 'sys.index.sideTheme', 'theme-dark', 'Y', 'admin', '2018-03-16 11:33:00', 'ry',
        '2018-03-16 11:33:00', 'æ·±è‰²ä¸»é¢˜theme-darkï¼Œæµ…è‰²ä¸»é¢˜theme-light');

/*Table structure for table `sys_dept` */

DROP TABLE IF EXISTS `sys_dept`;

CREATE TABLE `sys_dept`
(
    `dept_id`     bigint(20) NOT NULL AUTO_INCREMENT COMMENT 'éƒ¨é—¨id',
    `parent_id`   bigint(20)  DEFAULT '0' COMMENT 'çˆ¶éƒ¨é—¨id',
    `ancestors`   varchar(50) DEFAULT '' COMMENT 'ç¥–çº§åˆ—è¡¨',
    `dept_name`   varchar(30) DEFAULT '' COMMENT 'éƒ¨é—¨åç§°',
    `order_num`   int(4)      DEFAULT '0' COMMENT 'æ˜¾ç¤ºé¡ºåº',
    `leader`      varchar(20) DEFAULT NULL COMMENT 'è´Ÿè´£äºº',
    `phone`       varchar(11) DEFAULT NULL COMMENT 'è”ç³»ç”µè¯',
    `email`       varchar(50) DEFAULT NULL COMMENT 'é‚®ç®±',
    `status`      char(1)     DEFAULT '0' COMMENT 'éƒ¨é—¨çŠ¶æ€ï¼ˆ0æ­£å¸¸ 1åœç”¨ï¼‰',
    `del_flag`    char(1)     DEFAULT '0' COMMENT 'åˆ é™¤æ ‡å¿—ï¼ˆ0ä»£è¡¨å­˜åœ¨ 2ä»£è¡¨åˆ é™¤ï¼‰',
    `create_by`   varchar(64) DEFAULT '' COMMENT 'åˆ›å»ºè€…',
    `create_time` datetime    DEFAULT NULL COMMENT 'åˆ›å»ºæ—¶é—´',
    `update_by`   varchar(64) DEFAULT '' COMMENT 'æ›´æ–°è€…',
    `update_time` datetime    DEFAULT NULL COMMENT 'æ›´æ–°æ—¶é—´',
    PRIMARY KEY (`dept_id`)
) ENGINE = InnoDB
  AUTO_INCREMENT = 200
  DEFAULT CHARSET = utf8mb4
  COLLATE = utf8mb4_0900_ai_ci COMMENT ='éƒ¨é—¨è¡¨';

/*Data for the table `sys_dept` */

insert into `sys_dept`(`dept_id`, `parent_id`, `ancestors`, `dept_name`, `order_num`, `leader`, `phone`, `email`,
                       `status`, `del_flag`, `create_by`, `create_time`, `update_by`, `update_time`)
values (100, 0, '0', 'è‹¥ä¾ç§‘æŠ€', 0, 'è‹¥ä¾', '15888888888', 'ry@qq.com', '0', '0', 'admin', '2018-03-16 11:33:00', 'ry',
        '2018-03-16 11:33:00'),
       (101, 100, '0,100', 'æ·±åœ³æ€»å…¬å¸', 1, 'è‹¥ä¾', '15888888888', 'ry@qq.com', '0', '0', 'admin', '2018-03-16 11:33:00', 'ry',
        '2018-03-16 11:33:00'),
       (102, 100, '0,100', 'é•¿æ²™åˆ†å…¬å¸', 2, 'è‹¥ä¾', '15888888888', 'ry@qq.com', '0', '0', 'admin', '2018-03-16 11:33:00', 'ry',
        '2018-03-16 11:33:00'),
       (103, 101, '0,100,101', 'ç ”å‘éƒ¨é—¨', 1, 'è‹¥ä¾', '15888888888', 'ry@qq.com', '0', '0', 'admin', '2018-03-16 11:33:00',
        'ry', '2018-03-16 11:33:00'),
       (104, 101, '0,100,101', 'å¸‚åœºéƒ¨é—¨', 2, 'è‹¥ä¾', '15888888888', 'ry@qq.com', '0', '0', 'admin', '2018-03-16 11:33:00',
        'ry', '2018-03-16 11:33:00'),
       (105, 101, '0,100,101', 'æµ‹è¯•éƒ¨é—¨', 3, 'è‹¥ä¾', '15888888888', 'ry@qq.com', '0', '0', 'admin', '2018-03-16 11:33:00',
        'ry', '2018-03-16 11:33:00'),
       (106, 101, '0,100,101', 'è´¢åŠ¡éƒ¨é—¨', 4, 'è‹¥ä¾', '15888888888', 'ry@qq.com', '0', '0', 'admin', '2018-03-16 11:33:00',
        'ry', '2018-03-16 11:33:00'),
       (107, 101, '0,100,101', 'è¿ç»´éƒ¨é—¨', 5, 'è‹¥ä¾', '15888888888', 'ry@qq.com', '0', '0', 'admin', '2018-03-16 11:33:00',
        'ry', '2018-03-16 11:33:00'),
       (108, 102, '0,100,102', 'å¸‚åœºéƒ¨é—¨', 1, 'è‹¥ä¾', '15888888888', 'ry@qq.com', '0', '0', 'admin', '2018-03-16 11:33:00',
        'ry', '2018-03-16 11:33:00'),
       (109, 102, '0,100,102', 'è´¢åŠ¡éƒ¨é—¨', 2, 'è‹¥ä¾', '15888888888', 'ry@qq.com', '0', '0', 'admin', '2018-03-16 11:33:00',
        'ry', '2018-03-16 11:33:00');

/*Table structure for table `sys_dict_data` */

DROP TABLE IF EXISTS `sys_dict_data`;

CREATE TABLE `sys_dict_data`
(
    `dict_code`   bigint(20) NOT NULL AUTO_INCREMENT COMMENT 'å­—å…¸ç¼–ç ',
    `dict_sort`   int(4)       DEFAULT '0' COMMENT 'å­—å…¸æ’åº',
    `dict_label`  varchar(100) DEFAULT '' COMMENT 'å­—å…¸æ ‡ç­¾',
    `dict_value`  varchar(100) DEFAULT '' COMMENT 'å­—å…¸é”®å€¼',
    `dict_type`   varchar(100) DEFAULT '' COMMENT 'å­—å…¸ç±»å‹',
    `css_class`   varchar(100) DEFAULT NULL COMMENT 'æ ·å¼å±æ€§ï¼ˆå…¶ä»–æ ·å¼æ‰©å±•ï¼‰',
    `list_class`  varchar(100) DEFAULT NULL COMMENT 'è¡¨æ ¼å›æ˜¾æ ·å¼',
    `is_default`  char(1)      DEFAULT 'N' COMMENT 'æ˜¯å¦é»˜è®¤ï¼ˆYæ˜¯ Nå¦ï¼‰',
    `status`      char(1)      DEFAULT '0' COMMENT 'çŠ¶æ€ï¼ˆ0æ­£å¸¸ 1åœç”¨ï¼‰',
    `create_by`   varchar(64)  DEFAULT '' COMMENT 'åˆ›å»ºè€…',
    `create_time` datetime     DEFAULT NULL COMMENT 'åˆ›å»ºæ—¶é—´',
    `update_by`   varchar(64)  DEFAULT '' COMMENT 'æ›´æ–°è€…',
    `update_time` datetime     DEFAULT NULL COMMENT 'æ›´æ–°æ—¶é—´',
    `remark`      varchar(500) DEFAULT NULL COMMENT 'å¤‡æ³¨',
    PRIMARY KEY (`dict_code`)
) ENGINE = InnoDB
  AUTO_INCREMENT = 109
  DEFAULT CHARSET = utf8mb4
  COLLATE = utf8mb4_0900_ai_ci COMMENT ='å­—å…¸æ•°æ®è¡¨';

/*Data for the table `sys_dict_data` */

insert into `sys_dict_data`(`dict_code`, `dict_sort`, `dict_label`, `dict_value`, `dict_type`, `css_class`,
                            `list_class`, `is_default`, `status`, `create_by`, `create_time`, `update_by`,
                            `update_time`, `remark`)
values (1, 1, 'ç”·', '0', 'sys_user_sex', '', '', 'Y', '0', 'admin', '2018-03-16 11:33:00', 'ry', '2018-03-16 11:33:00',
        'æ€§åˆ«ç”·'),
       (2, 2, 'å¥³', '1', 'sys_user_sex', '', '', 'N', '0', 'admin', '2018-03-16 11:33:00', 'ry', '2018-03-16 11:33:00',
        'æ€§åˆ«å¥³'),
       (3, 3, 'æœªçŸ¥', '2', 'sys_user_sex', '', '', 'N', '0', 'admin', '2018-03-16 11:33:00', 'ry', '2018-03-16 11:33:00',
        'æ€§åˆ«æœªçŸ¥'),
       (4, 1, 'æ˜¾ç¤º', '0', 'sys_show_hide', '', 'primary', 'Y', '0', 'admin', '2018-03-16 11:33:00', 'ry',
        '2018-03-16 11:33:00', 'æ˜¾ç¤ºèœå•'),
       (5, 2, 'éšè—', '1', 'sys_show_hide', '', 'danger', 'N', '0', 'admin', '2018-03-16 11:33:00', 'ry',
        '2018-03-16 11:33:00', 'éšè—èœå•'),
       (6, 1, 'æ­£å¸¸', '0', 'sys_normal_disable', '', 'primary', 'Y', '0', 'admin', '2018-03-16 11:33:00', 'ry',
        '2018-03-16 11:33:00', 'æ­£å¸¸çŠ¶æ€'),
       (7, 2, 'åœç”¨', '1', 'sys_normal_disable', '', 'danger', 'N', '0', 'admin', '2018-03-16 11:33:00', 'ry',
        '2018-03-16 11:33:00', 'åœç”¨çŠ¶æ€'),
       (8, 1, 'æ­£å¸¸', '0', 'sys_job_status', '', 'primary', 'Y', '0', 'admin', '2018-03-16 11:33:00', 'ry',
        '2018-03-16 11:33:00', 'æ­£å¸¸çŠ¶æ€'),
       (9, 2, 'æš‚åœ', '1', 'sys_job_status', '', 'danger', 'N', '0', 'admin', '2018-03-16 11:33:00', 'ry',
        '2018-03-16 11:33:00', 'åœç”¨çŠ¶æ€'),
       (10, 1, 'é»˜è®¤', 'DEFAULT', 'sys_job_group', '', '', 'Y', '0', 'admin', '2018-03-16 11:33:00', 'ry',
        '2018-03-16 11:33:00', 'é»˜è®¤åˆ†ç»„'),
       (11, 2, 'ç³»ç»Ÿ', 'SYSTEM', 'sys_job_group', '', '', 'N', '0', 'admin', '2018-03-16 11:33:00', 'ry',
        '2018-03-16 11:33:00', 'ç³»ç»Ÿåˆ†ç»„'),
       (12, 1, 'æ˜¯', 'Y', 'sys_yes_no', '', 'primary', 'Y', '0', 'admin', '2018-03-16 11:33:00', 'ry',
        '2018-03-16 11:33:00', 'ç³»ç»Ÿé»˜è®¤æ˜¯'),
       (13, 2, 'å¦', 'N', 'sys_yes_no', '', 'danger', 'N', '0', 'admin', '2018-03-16 11:33:00', 'ry',
        '2018-03-16 11:33:00', 'ç³»ç»Ÿé»˜è®¤å¦'),
       (14, 1, 'é€šçŸ¥', '1', 'sys_notice_type', '', 'warning', 'Y', '0', 'admin', '2018-03-16 11:33:00', 'ry',
        '2018-03-16 11:33:00', 'é€šçŸ¥'),
       (15, 2, 'å…¬å‘Š', '2', 'sys_notice_type', '', 'success', 'N', '0', 'admin', '2018-03-16 11:33:00', 'ry',
        '2018-03-16 11:33:00', 'å…¬å‘Š'),
       (16, 1, 'æ­£å¸¸', '0', 'sys_notice_status', '', 'primary', 'Y', '0', 'admin', '2018-03-16 11:33:00', 'ry',
        '2018-03-16 11:33:00', 'æ­£å¸¸çŠ¶æ€'),
       (17, 2, 'å…³é—­', '1', 'sys_notice_status', '', 'danger', 'N', '0', 'admin', '2018-03-16 11:33:00', 'ry',
        '2018-03-16 11:33:00', 'å…³é—­çŠ¶æ€'),
       (18, 1, 'æ–°å¢', '1', 'sys_oper_type', '', 'info', 'N', '0', 'admin', '2018-03-16 11:33:00', 'ry',
        '2018-03-16 11:33:00', 'æ–°å¢æ“ä½œ'),
       (19, 2, 'ä¿®æ”¹', '2', 'sys_oper_type', '', 'info', 'N', '0', 'admin', '2018-03-16 11:33:00', 'ry',
        '2018-03-16 11:33:00', 'ä¿®æ”¹æ“ä½œ'),
       (20, 3, 'åˆ é™¤', '3', 'sys_oper_type', '', 'danger', 'N', '0', 'admin', '2018-03-16 11:33:00', 'ry',
        '2018-03-16 11:33:00', 'åˆ é™¤æ“ä½œ'),
       (21, 4, 'æˆæƒ', '4', 'sys_oper_type', '', 'primary', 'N', '0', 'admin', '2018-03-16 11:33:00', 'ry',
        '2018-03-16 11:33:00', 'æˆæƒæ“ä½œ'),
       (22, 5, 'å¯¼å‡º', '5', 'sys_oper_type', '', 'warning', 'N', '0', 'admin', '2018-03-16 11:33:00', 'ry',
        '2018-03-16 11:33:00', 'å¯¼å‡ºæ“ä½œ'),
       (23, 6, 'å¯¼å…¥', '6', 'sys_oper_type', '', 'warning', 'N', '0', 'admin', '2018-03-16 11:33:00', 'ry',
        '2018-03-16 11:33:00', 'å¯¼å…¥æ“ä½œ'),
       (24, 7, 'å¼ºé€€', '7', 'sys_oper_type', '', 'danger', 'N', '0', 'admin', '2018-03-16 11:33:00', 'ry',
        '2018-03-16 11:33:00', 'å¼ºé€€æ“ä½œ'),
       (25, 8, 'ç”Ÿæˆä»£ç ', '8', 'sys_oper_type', '', 'warning', 'N', '0', 'admin', '2018-03-16 11:33:00', 'ry',
        '2018-03-16 11:33:00', 'ç”Ÿæˆæ“ä½œ'),
       (26, 9, 'æ¸…ç©ºæ•°æ®', '9', 'sys_oper_type', '', 'danger', 'N', '0', 'admin', '2018-03-16 11:33:00', 'ry',
        '2018-03-16 11:33:00', 'æ¸…ç©ºæ“ä½œ'),
       (27, 1, 'æˆåŠŸ', '0', 'sys_common_status', '', 'primary', 'N', '0', 'admin', '2018-03-16 11:33:00', 'ry',
        '2018-03-16 11:33:00', 'æ­£å¸¸çŠ¶æ€'),
       (28, 2, 'å¤±è´¥', '1', 'sys_common_status', '', 'danger', 'N', '0', 'admin', '2018-03-16 11:33:00', 'ry',
        '2018-03-16 11:33:00', 'åœç”¨çŠ¶æ€'),
       (100, 0, 'æ–‡æœ¬', 'text', 'wx_rep_type', NULL, NULL, 'N', '0', 'admin', '2020-03-04 11:53:07', '', NULL, NULL),
       (101, 0, 'å›¾ç‰‡', 'image', 'wx_rep_type', NULL, NULL, 'N', '0', 'admin', '2020-03-04 11:53:18', '', NULL, NULL),
       (102, 0, 'è¯­éŸ³', 'voice', 'wx_rep_type', NULL, NULL, 'N', '0', 'admin', '2020-03-04 11:53:28', '', NULL, NULL),
       (103, 0, 'è§†é¢‘', 'video', 'wx_rep_type', NULL, NULL, 'N', '0', 'admin', '2020-03-04 11:53:39', '', NULL, NULL),
       (104, 0, 'éŸ³ä¹', 'music', 'wx_rep_type', NULL, NULL, 'N', '0', 'admin', '2020-03-04 11:53:48', '', NULL, NULL),
       (105, 0, 'å›¾æ–‡', 'news', 'wx_rep_type', NULL, NULL, 'N', '0', 'admin', '2020-03-04 11:54:00', '', NULL, NULL),
       (106, 0, 'å·²å…³æ³¨', '1', 'wx_subscribe', NULL, NULL, 'N', '0', 'admin', '2020-03-04 11:55:55', '', NULL, NULL),
       (107, 0, 'å–æ¶ˆå…³æ³¨', '0', 'wx_subscribe', NULL, NULL, 'N', '0', 'admin', '2020-03-04 11:56:04', '', NULL, NULL),
       (108, 0, 'ç½‘é¡µæˆæƒç”¨æˆ·', '2', 'wx_subscribe', NULL, NULL, 'N', '0', 'admin', '2020-03-04 11:56:11', '', NULL, NULL);

/*Table structure for table `sys_dict_type` */

DROP TABLE IF EXISTS `sys_dict_type`;

CREATE TABLE `sys_dict_type`
(
    `dict_id`     bigint(20) NOT NULL AUTO_INCREMENT COMMENT 'å­—å…¸ä¸»é”®',
    `dict_name`   varchar(100) DEFAULT '' COMMENT 'å­—å…¸åç§°',
    `dict_type`   varchar(100) DEFAULT '' COMMENT 'å­—å…¸ç±»å‹',
    `status`      char(1)      DEFAULT '0' COMMENT 'çŠ¶æ€ï¼ˆ0æ­£å¸¸ 1åœç”¨ï¼‰',
    `create_by`   varchar(64)  DEFAULT '' COMMENT 'åˆ›å»ºè€…',
    `create_time` datetime     DEFAULT NULL COMMENT 'åˆ›å»ºæ—¶é—´',
    `update_by`   varchar(64)  DEFAULT '' COMMENT 'æ›´æ–°è€…',
    `update_time` datetime     DEFAULT NULL COMMENT 'æ›´æ–°æ—¶é—´',
    `remark`      varchar(500) DEFAULT NULL COMMENT 'å¤‡æ³¨',
    PRIMARY KEY (`dict_id`),
    UNIQUE KEY `dict_type` (`dict_type`)
) ENGINE = InnoDB
  AUTO_INCREMENT = 102
  DEFAULT CHARSET = utf8mb4
  COLLATE = utf8mb4_0900_ai_ci COMMENT ='å­—å…¸ç±»å‹è¡¨';

/*Data for the table `sys_dict_type` */

insert into `sys_dict_type`(`dict_id`, `dict_name`, `dict_type`, `status`, `create_by`, `create_time`, `update_by`,
                            `update_time`, `remark`)
values (1, 'ç”¨æˆ·æ€§åˆ«', 'sys_user_sex', '0', 'admin', '2018-03-16 11:33:00', 'ry', '2018-03-16 11:33:00', 'ç”¨æˆ·æ€§åˆ«åˆ—è¡¨'),
       (2, 'èœå•çŠ¶æ€', 'sys_show_hide', '0', 'admin', '2018-03-16 11:33:00', 'ry', '2018-03-16 11:33:00', 'èœå•çŠ¶æ€åˆ—è¡¨'),
       (3, 'ç³»ç»Ÿå¼€å…³', 'sys_normal_disable', '0', 'admin', '2018-03-16 11:33:00', 'ry', '2018-03-16 11:33:00', 'ç³»ç»Ÿå¼€å…³åˆ—è¡¨'),
       (4, 'ä»»åŠ¡çŠ¶æ€', 'sys_job_status', '0', 'admin', '2018-03-16 11:33:00', 'ry', '2018-03-16 11:33:00', 'ä»»åŠ¡çŠ¶æ€åˆ—è¡¨'),
       (5, 'ä»»åŠ¡åˆ†ç»„', 'sys_job_group', '0', 'admin', '2018-03-16 11:33:00', 'ry', '2018-03-16 11:33:00', 'ä»»åŠ¡åˆ†ç»„åˆ—è¡¨'),
       (6, 'ç³»ç»Ÿæ˜¯å¦', 'sys_yes_no', '0', 'admin', '2018-03-16 11:33:00', 'ry', '2018-03-16 11:33:00', 'ç³»ç»Ÿæ˜¯å¦åˆ—è¡¨'),
       (7, 'é€šçŸ¥ç±»å‹', 'sys_notice_type', '0', 'admin', '2018-03-16 11:33:00', 'ry', '2018-03-16 11:33:00', 'é€šçŸ¥ç±»å‹åˆ—è¡¨'),
       (8, 'é€šçŸ¥çŠ¶æ€', 'sys_notice_status', '0', 'admin', '2018-03-16 11:33:00', 'ry', '2018-03-16 11:33:00', 'é€šçŸ¥çŠ¶æ€åˆ—è¡¨'),
       (9, 'æ“ä½œç±»å‹', 'sys_oper_type', '0', 'admin', '2018-03-16 11:33:00', 'ry', '2018-03-16 11:33:00', 'æ“ä½œç±»å‹åˆ—è¡¨'),
       (10, 'ç³»ç»ŸçŠ¶æ€', 'sys_common_status', '0', 'admin', '2018-03-16 11:33:00', 'ry', '2018-03-16 11:33:00', 'ç™»å½•çŠ¶æ€åˆ—è¡¨'),
       (100, 'å¾®ä¿¡å›å¤æ¶ˆæ¯ç±»å‹', 'wx_rep_type', '0', 'admin', '2020-03-04 11:52:26', '', NULL, NULL);

/*Table structure for table `sys_job` */

DROP TABLE IF EXISTS `sys_job`;

CREATE TABLE `sys_job`
(
    `job_id`          bigint(20)   NOT NULL AUTO_INCREMENT COMMENT 'ä»»åŠ¡ID',
    `job_name`        varchar(64)  NOT NULL DEFAULT '' COMMENT 'ä»»åŠ¡åç§°',
    `job_group`       varchar(64)  NOT NULL DEFAULT 'DEFAULT' COMMENT 'ä»»åŠ¡ç»„å',
    `invoke_target`   varchar(500) NOT NULL COMMENT 'è°ƒç”¨ç›®æ ‡å­—ç¬¦ä¸²',
    `cron_expression` varchar(255)          DEFAULT '' COMMENT 'cronæ‰§è¡Œè¡¨è¾¾å¼',
    `misfire_policy`  varchar(20)           DEFAULT '3' COMMENT 'è®¡åˆ’æ‰§è¡Œé”™è¯¯ç­–ç•¥ï¼ˆ1ç«‹å³æ‰§è¡Œ 2æ‰§è¡Œä¸€æ¬¡ 3æ”¾å¼ƒæ‰§è¡Œï¼‰',
    `concurrent`      char(1)               DEFAULT '1' COMMENT 'æ˜¯å¦å¹¶å‘æ‰§è¡Œï¼ˆ0å…è®¸ 1ç¦æ­¢ï¼‰',
    `status`          char(1)               DEFAULT '0' COMMENT 'çŠ¶æ€ï¼ˆ0æ­£å¸¸ 1æš‚åœï¼‰',
    `create_by`       varchar(64)           DEFAULT '' COMMENT 'åˆ›å»ºè€…',
    `create_time`     datetime              DEFAULT NULL COMMENT 'åˆ›å»ºæ—¶é—´',
    `update_by`       varchar(64)           DEFAULT '' COMMENT 'æ›´æ–°è€…',
    `update_time`     datetime              DEFAULT NULL COMMENT 'æ›´æ–°æ—¶é—´',
    `remark`          varchar(500)          DEFAULT '' COMMENT 'å¤‡æ³¨ä¿¡æ¯',
    PRIMARY KEY (`job_id`, `job_name`, `job_group`)
) ENGINE = InnoDB
  AUTO_INCREMENT = 100
  DEFAULT CHARSET = utf8mb4
  COLLATE = utf8mb4_0900_ai_ci COMMENT ='å®šæ—¶ä»»åŠ¡è°ƒåº¦è¡¨';

/*Data for the table `sys_job` */

insert into `sys_job`(`job_id`, `job_name`, `job_group`, `invoke_target`, `cron_expression`, `misfire_policy`,
                      `concurrent`, `status`, `create_by`, `create_time`, `update_by`, `update_time`, `remark`)
values (1, 'ç³»ç»Ÿé»˜è®¤ï¼ˆæ— å‚ï¼‰', 'DEFAULT', 'ryTask.ryNoParams', '0/10 * * * * ?', '3', '1', '1', 'admin', '2018-03-16 11:33:00',
        'ry', '2020-04-25 12:01:48', ''),
       (2, 'ç³»ç»Ÿé»˜è®¤ï¼ˆæœ‰å‚ï¼‰', 'DEFAULT', 'ryTask.ryParams(\'ry\')', '0/15 * * * * ?', '3', '1', '1', 'admin',
        '2018-03-16 11:33:00', 'ry', '2018-03-16 11:33:00', ''),
       (3, 'ç³»ç»Ÿé»˜è®¤ï¼ˆå¤šå‚ï¼‰', 'DEFAULT', 'ryTask.ryMultipleParams(\'ry\', true, 2000L, 316.50D, 100)', '0/20 * * * * ?', '3',
        '1', '1', 'admin', '2018-03-16 11:33:00', 'ry', '2018-03-16 11:33:00', '');

/*Table structure for table `sys_job_log` */

DROP TABLE IF EXISTS `sys_job_log`;

CREATE TABLE `sys_job_log`
(
    `job_log_id`     bigint(20)   NOT NULL AUTO_INCREMENT COMMENT 'ä»»åŠ¡æ—¥å¿—ID',
    `job_name`       varchar(64)  NOT NULL COMMENT 'ä»»åŠ¡åç§°',
    `job_group`      varchar(64)  NOT NULL COMMENT 'ä»»åŠ¡ç»„å',
    `invoke_target`  varchar(500) NOT NULL COMMENT 'è°ƒç”¨ç›®æ ‡å­—ç¬¦ä¸²',
    `job_message`    varchar(500)  DEFAULT NULL COMMENT 'æ—¥å¿—ä¿¡æ¯',
    `status`         char(1)       DEFAULT '0' COMMENT 'æ‰§è¡ŒçŠ¶æ€ï¼ˆ0æ­£å¸¸ 1å¤±è´¥ï¼‰',
    `exception_info` varchar(2000) DEFAULT '' COMMENT 'å¼‚å¸¸ä¿¡æ¯',
    `create_time`    datetime      DEFAULT NULL COMMENT 'åˆ›å»ºæ—¶é—´',
    PRIMARY KEY (`job_log_id`)
) ENGINE = InnoDB
  AUTO_INCREMENT = 2
  DEFAULT CHARSET = utf8mb4
  COLLATE = utf8mb4_0900_ai_ci COMMENT ='å®šæ—¶ä»»åŠ¡è°ƒåº¦æ—¥å¿—è¡¨';

/*Data for the table `sys_job_log` */

insert into `sys_job_log`(`job_log_id`, `job_name`, `job_group`, `invoke_target`, `job_message`, `status`,
                          `exception_info`, `create_time`)
values (1, 'ç³»ç»Ÿé»˜è®¤ï¼ˆæ— å‚ï¼‰', 'DEFAULT', 'ryTask.ryNoParams', 'ç³»ç»Ÿé»˜è®¤ï¼ˆæ— å‚ï¼‰ æ€»å…±è€—æ—¶ï¼š8æ¯«ç§’', '0', '', '2020-04-25 12:01:44');

/*Table structure for table `sys_logininfor` */

DROP TABLE IF EXISTS `sys_logininfor`;

CREATE TABLE `sys_logininfor`
(
    `info_id`        bigint(20) NOT NULL AUTO_INCREMENT COMMENT 'è®¿é—®ID',
    `user_name`      varchar(50)  DEFAULT '' COMMENT 'ç”¨æˆ·è´¦å·',
    `ipaddr`         varchar(50)  DEFAULT '' COMMENT 'ç™»å½•IPåœ°å€',
    `login_location` varchar(255) DEFAULT '' COMMENT 'ç™»å½•åœ°ç‚¹',
    `browser`        varchar(50)  DEFAULT '' COMMENT 'æµè§ˆå™¨ç±»å‹',
    `os`             varchar(50)  DEFAULT '' COMMENT 'æ“ä½œç³»ç»Ÿ',
    `status`         char(1)      DEFAULT '0' COMMENT 'ç™»å½•çŠ¶æ€ï¼ˆ0æˆåŠŸ 1å¤±è´¥ï¼‰',
    `msg`            varchar(255) DEFAULT '' COMMENT 'æç¤ºæ¶ˆæ¯',
    `login_time`     datetime     DEFAULT NULL COMMENT 'è®¿é—®æ—¶é—´',
    PRIMARY KEY (`info_id`)
) ENGINE = InnoDB
  AUTO_INCREMENT = 169
  DEFAULT CHARSET = utf8mb4
  COLLATE = utf8mb4_0900_ai_ci COMMENT ='ç³»ç»Ÿè®¿é—®è®°å½•';

/*Data for the table `sys_logininfor` */

insert into `sys_logininfor`(`info_id`, `user_name`, `ipaddr`, `login_location`, `browser`, `os`, `status`, `msg`,
                             `login_time`)
values (100, 'admin', '127.0.0.1', 'å†…ç½‘IP', 'Chrome 8', 'Windows 10', '0', 'ç™»å½•æˆåŠŸ', '2020-03-01 10:36:33'),
       (101, 'admin', '127.0.0.1', 'å†…ç½‘IP', 'Chrome 8', 'Windows 10', '0', 'ç™»å½•æˆåŠŸ', '2020-03-01 11:31:53'),
       (102, 'admin', '127.0.0.1', 'å†…ç½‘IP', 'Chrome 8', 'Windows 10', '0', 'ç™»å½•æˆåŠŸ', '2020-03-01 20:59:30'),
       (103, 'admin', '127.0.0.1', 'å†…ç½‘IP', 'Chrome 8', 'Windows 10', '0', 'ç™»å½•æˆåŠŸ', '2020-03-02 11:51:07'),
       (104, 'admin', '127.0.0.1', 'å†…ç½‘IP', 'Chrome 8', 'Windows 10', '0', 'ç™»å½•æˆåŠŸ', '2020-03-02 12:35:33'),
       (105, 'admin', '127.0.0.1', 'å†…ç½‘IP', 'Chrome 8', 'Windows 10', '0', 'é€€å‡ºæˆåŠŸ', '2020-03-02 12:44:56'),
       (106, 'admin', '127.0.0.1', 'å†…ç½‘IP', 'Chrome 8', 'Windows 10', '0', 'ç™»å½•æˆåŠŸ', '2020-03-02 12:45:03'),
       (107, 'admin', '127.0.0.1', 'å†…ç½‘IP', 'Chrome 8', 'Windows 10', '1', 'éªŒè¯ç é”™è¯¯', '2020-03-02 14:12:31'),
       (108, 'admin', '127.0.0.1', 'å†…ç½‘IP', 'Chrome 8', 'Windows 10', '0', 'ç™»å½•æˆåŠŸ', '2020-03-02 16:01:36'),
       (109, 'admin', '127.0.0.1', 'å†…ç½‘IP', 'Chrome 8', 'Windows 10', '0', 'ç™»å½•æˆåŠŸ', '2020-03-02 20:39:09'),
       (110, 'admin', '127.0.0.1', 'å†…ç½‘IP', 'Chrome 8', 'Windows 10', '1', 'éªŒè¯ç é”™è¯¯', '2020-03-02 21:55:03'),
       (111, 'admin', '127.0.0.1', 'å†…ç½‘IP', 'Chrome 8', 'Windows 10', '0', 'ç™»å½•æˆåŠŸ', '2020-03-02 21:55:11'),
       (112, 'admin', '127.0.0.1', 'å†…ç½‘IP', 'Chrome 8', 'Windows 10', '0', 'ç™»å½•æˆåŠŸ', '2020-03-03 10:43:01'),
       (113, 'admin', '127.0.0.1', 'å†…ç½‘IP', 'Chrome 8', 'Windows 10', '0', 'é€€å‡ºæˆåŠŸ', '2020-03-03 10:53:48'),
       (114, 'admin', '127.0.0.1', 'å†…ç½‘IP', 'Chrome 8', 'Windows 10', '0', 'ç™»å½•æˆåŠŸ', '2020-03-03 10:53:58'),
       (115, 'admin', '127.0.0.1', 'å†…ç½‘IP', 'Chrome 8', 'Windows 10', '0', 'é€€å‡ºæˆåŠŸ', '2020-03-03 11:16:32'),
       (116, 'admin', '127.0.0.1', 'å†…ç½‘IP', 'Chrome 8', 'Windows 10', '0', 'ç™»å½•æˆåŠŸ', '2020-03-03 11:16:40'),
       (117, 'admin', '127.0.0.1', 'å†…ç½‘IP', 'Chrome 8', 'Windows 10', '0', 'ç™»å½•æˆåŠŸ', '2020-03-03 14:50:47'),
       (118, 'admin', '127.0.0.1', 'å†…ç½‘IP', 'Chrome 8', 'Windows 10', '0', 'ç™»å½•æˆåŠŸ', '2020-03-03 15:35:41'),
       (119, 'admin', '127.0.0.1', 'å†…ç½‘IP', 'Chrome 8', 'Windows 10', '0', 'ç™»å½•æˆåŠŸ', '2020-03-03 15:36:52'),
       (120, 'admin', '127.0.0.1', 'å†…ç½‘IP', 'Chrome 8', 'Windows 10', '1', 'éªŒè¯ç é”™è¯¯', '2020-03-03 15:38:03'),
       (121, 'admin', '127.0.0.1', 'å†…ç½‘IP', 'Chrome 8', 'Windows 10', '0', 'ç™»å½•æˆåŠŸ', '2020-03-03 15:38:08'),
       (122, 'admin', '127.0.0.1', 'å†…ç½‘IP', 'Chrome 8', 'Windows 10', '0', 'ç™»å½•æˆåŠŸ', '2020-03-03 16:44:39'),
       (123, 'admin', '127.0.0.1', 'å†…ç½‘IP', 'Chrome 8', 'Windows 10', '0', 'ç™»å½•æˆåŠŸ', '2020-03-03 20:17:03'),
       (124, 'admin', '127.0.0.1', 'å†…ç½‘IP', 'Chrome 8', 'Windows 10', '0', 'é€€å‡ºæˆåŠŸ', '2020-03-03 20:19:41'),
       (125, 'admin', '127.0.0.1', 'å†…ç½‘IP', 'Chrome 8', 'Windows 10', '0', 'ç™»å½•æˆåŠŸ', '2020-03-03 20:19:56'),
       (126, 'admin', '127.0.0.1', 'å†…ç½‘IP', 'Chrome 8', 'Windows 10', '0', 'ç™»å½•æˆåŠŸ', '2020-03-03 21:49:43'),
       (127, 'admin', '127.0.0.1', 'å†…ç½‘IP', 'Chrome 8', 'Windows 10', '0', 'ç™»å½•æˆåŠŸ', '2020-03-04 10:08:55'),
       (128, 'admin', '127.0.0.1', 'å†…ç½‘IP', 'Chrome 8', 'Windows 10', '0', 'ç™»å½•æˆåŠŸ', '2020-03-04 10:25:07'),
       (129, 'admin', '127.0.0.1', 'å†…ç½‘IP', 'Chrome 8', 'Windows 10', '0', 'ç™»å½•æˆåŠŸ', '2020-03-04 14:16:50'),
       (130, 'admin', '127.0.0.1', 'å†…ç½‘IP', 'Chrome 8', 'Windows 10', '0', 'ç™»å½•æˆåŠŸ', '2020-03-04 15:15:52'),
       (131, 'admin', '127.0.0.1', 'å†…ç½‘IP', 'Chrome 8', 'Windows 10', '0', 'é€€å‡ºæˆåŠŸ', '2020-03-04 17:03:31'),
       (132, 'test', '127.0.0.1', 'å†…ç½‘IP', 'Chrome 8', 'Windows 10', '0', 'ç™»å½•æˆåŠŸ', '2020-03-04 17:03:41'),
       (133, 'test', '127.0.0.1', 'å†…ç½‘IP', 'Chrome 8', 'Windows 10', '0', 'é€€å‡ºæˆåŠŸ', '2020-03-04 17:05:33'),
       (134, 'admin', '127.0.0.1', 'å†…ç½‘IP', 'Chrome 8', 'Windows 10', '0', 'ç™»å½•æˆåŠŸ', '2020-03-04 17:05:39'),
       (135, 'admin', '127.0.0.1', 'å†…ç½‘IP', 'Chrome 8', 'Windows 10', '0', 'ç™»å½•æˆåŠŸ', '2020-03-04 17:48:30'),
       (136, 'admin', '127.0.0.1', 'å†…ç½‘IP', 'Chrome 8', 'Windows 10', '0', 'ç™»å½•æˆåŠŸ', '2020-03-04 21:01:02'),
       (137, 'admin', '127.0.0.1', 'å†…ç½‘IP', 'Chrome 8', 'Windows 10', '0', 'ç™»å½•æˆåŠŸ', '2020-03-05 11:43:13'),
       (138, 'admin', '127.0.0.1', 'å†…ç½‘IP', 'Chrome 8', 'Windows 10', '0', 'ç™»å½•æˆåŠŸ', '2020-03-05 14:47:14'),
       (139, 'admin', '127.0.0.1', 'å†…ç½‘IP', 'Chrome 8', 'Windows 10', '0', 'é€€å‡ºæˆåŠŸ', '2020-03-05 15:01:35'),
       (140, 'admin', '127.0.0.1', 'å†…ç½‘IP', 'Chrome 8', 'Windows 10', '0', 'ç™»å½•æˆåŠŸ', '2020-03-05 15:02:42'),
       (141, 'admin', '127.0.0.1', 'å†…ç½‘IP', 'Chrome 8', 'Windows 10', '0', 'é€€å‡ºæˆåŠŸ', '2020-03-05 15:02:52'),
       (142, 'admin', '127.0.0.1', 'å†…ç½‘IP', 'Chrome 8', 'Windows 10', '0', 'ç™»å½•æˆåŠŸ', '2020-03-05 15:02:58'),
       (143, 'admin', '127.0.0.1', 'å†…ç½‘IP', 'Chrome 8', 'Windows 10', '1', 'éªŒè¯ç é”™è¯¯', '2020-03-05 17:30:10'),
       (144, 'admin', '127.0.0.1', 'å†…ç½‘IP', 'Chrome 8', 'Windows 10', '0', 'ç™»å½•æˆåŠŸ', '2020-03-05 17:30:18'),
       (145, 'admin', '127.0.0.1', 'å†…ç½‘IP', 'Chrome 8', 'Windows 10', '0', 'ç™»å½•æˆåŠŸ', '2020-03-05 19:51:04'),
       (146, 'admin', '127.0.0.1', 'å†…ç½‘IP', 'Chrome 8', 'Windows 10', '0', 'é€€å‡ºæˆåŠŸ', '2020-03-05 20:03:30'),
       (147, 'admin', '127.0.0.1', 'å†…ç½‘IP', 'Chrome 8', 'Windows 10', '0', 'ç™»å½•æˆåŠŸ', '2020-03-05 20:03:38'),
       (148, 'admin', '127.0.0.1', 'å†…ç½‘IP', 'Chrome 8', 'Windows 10', '0', 'é€€å‡ºæˆåŠŸ', '2020-03-05 20:04:30'),
       (149, 'admin', '127.0.0.1', 'å†…ç½‘IP', 'Chrome 8', 'Windows 10', '0', 'ç™»å½•æˆåŠŸ', '2020-03-05 20:04:36'),
       (150, 'admin', '127.0.0.1', 'å†…ç½‘IP', 'Chrome 8', 'Windows 10', '0', 'é€€å‡ºæˆåŠŸ', '2020-03-05 20:07:39'),
       (151, 'admin', '127.0.0.1', 'å†…ç½‘IP', 'Chrome 8', 'Windows 10', '0', 'ç™»å½•æˆåŠŸ', '2020-03-05 20:09:24'),
       (152, 'admin', '127.0.0.1', 'å†…ç½‘IP', 'Chrome 8', 'Windows 10', '0', 'é€€å‡ºæˆåŠŸ', '2020-03-05 20:10:03'),
       (153, 'test', '127.0.0.1', 'å†…ç½‘IP', 'Chrome 8', 'Windows 10', '1', 'éªŒè¯ç é”™è¯¯', '2020-03-05 20:10:15'),
       (154, 'test', '127.0.0.1', 'å†…ç½‘IP', 'Chrome 8', 'Windows 10', '0', 'ç™»å½•æˆåŠŸ', '2020-03-05 20:10:21'),
       (155, 'test', '127.0.0.1', 'å†…ç½‘IP', 'Chrome 8', 'Windows 10', '0', 'ç™»å½•æˆåŠŸ', '2020-03-05 20:14:34'),
       (156, 'admin', '127.0.0.1', 'å†…ç½‘IP', 'Chrome 8', 'Windows 10', '1', 'ç”¨æˆ·ä¸å­˜åœ¨/å¯†ç é”™è¯¯', '2020-03-05 20:21:53'),
       (157, 'admin', '127.0.0.1', 'å†…ç½‘IP', 'Chrome 8', 'Windows 10', '0', 'ç™»å½•æˆåŠŸ', '2020-03-05 20:31:27'),
       (158, 'test', '127.0.0.1', 'å†…ç½‘IP', 'Chrome 8', 'Windows 10', '0', 'ç™»å½•æˆåŠŸ', '2020-03-07 13:24:01'),
       (159, 'test', '127.0.0.1', 'å†…ç½‘IP', 'Chrome 8', 'Windows 10', '0', 'ç™»å½•æˆåŠŸ', '2020-03-07 14:21:27'),
       (160, 'test', '127.0.0.1', 'å†…ç½‘IP', 'Chrome 8', 'Windows 10', '0', 'é€€å‡ºæˆåŠŸ', '2020-03-07 14:25:09'),
       (161, 'test', '127.0.0.1', 'å†…ç½‘IP', 'Chrome 8', 'Windows 10', '0', 'ç™»å½•æˆåŠŸ', '2020-03-07 14:25:15'),
       (162, 'test', '127.0.0.1', 'å†…ç½‘IP', 'Chrome 8', 'Windows 10', '0', 'ç™»å½•æˆåŠŸ', '2020-03-17 09:57:26'),
       (163, 'test', '127.0.0.1', 'å†…ç½‘IP', 'Chrome 8', 'Windows 10', '0', 'ç™»å½•æˆåŠŸ', '2020-03-17 10:50:05'),
       (164, 'test', '127.0.0.1', 'å†…ç½‘IP', 'Chrome 8', 'Windows 10', '0', 'é€€å‡ºæˆåŠŸ', '2020-03-17 10:58:19'),
       (165, 'test', '127.0.0.1', 'å†…ç½‘IP', 'Chrome 8', 'Windows 10', '0', 'ç™»å½•æˆåŠŸ', '2020-03-17 10:58:26'),
       (166, 'test', '127.0.0.1', 'å†…ç½‘IP', 'Chrome 8', 'Windows 10', '0', 'é€€å‡ºæˆåŠŸ', '2020-03-17 10:58:30'),
       (167, 'admin', '127.0.0.1', 'å†…ç½‘IP', 'Chrome 8', 'Windows 10', '0', 'ç™»å½•æˆåŠŸ', '2020-03-17 10:58:36'),
       (168, 'test', '127.0.0.1', 'å†…ç½‘IP', 'Chrome 8', 'Windows 10', '0', 'ç™»å½•æˆåŠŸ', '2020-04-25 12:01:02');

/*Table structure for table `sys_menu` */

DROP TABLE IF EXISTS `sys_menu`;

CREATE TABLE `sys_menu`
(
    `menu_id`     bigint(20)                                               NOT NULL AUTO_INCREMENT COMMENT 'èœå•ID',
    `menu_name`   varchar(50)                                              NOT NULL COMMENT 'èœå•åç§°',
    `parent_id`   bigint(20)   DEFAULT '0' COMMENT 'çˆ¶èœå•ID',
    `order_num`   int(4)       DEFAULT '0' COMMENT 'æ˜¾ç¤ºé¡ºåº',
    `path`        varchar(200) DEFAULT '' COMMENT 'è·¯ç”±åœ°å€',
    `component`   varchar(255) DEFAULT NULL COMMENT 'ç»„ä»¶è·¯å¾„',
    `is_frame`    int(1)       DEFAULT '1' COMMENT 'æ˜¯å¦ä¸ºå¤–é“¾ï¼ˆ0æ˜¯ 1å¦ï¼‰',
    `menu_type`   char(1)      DEFAULT '' COMMENT 'èœå•ç±»å‹ï¼ˆMç›®å½• Cèœå• FæŒ‰é’®ï¼‰',
    `visible`     char(1)      DEFAULT '0' COMMENT 'èœå•çŠ¶æ€ï¼ˆ0æ˜¾ç¤º 1éšè—ï¼‰',
    `status`      char(1) CHARACTER SET utf8mb4 COLLATE utf8mb4_0900_ai_ci NOT NULL COMMENT 'èœå•çŠ¶æ€ï¼ˆ0æ­£å¸¸ 1åœç”¨ï¼‰',
    `perms`       varchar(100) DEFAULT NULL COMMENT 'æƒé™æ ‡è¯†',
    `icon`        varchar(100) DEFAULT '#' COMMENT 'èœå•å›¾æ ‡',
    `create_by`   varchar(64)  DEFAULT '' COMMENT 'åˆ›å»ºè€…',
    `create_time` datetime     DEFAULT NULL COMMENT 'åˆ›å»ºæ—¶é—´',
    `update_by`   varchar(64)  DEFAULT '' COMMENT 'æ›´æ–°è€…',
    `update_time` datetime     DEFAULT NULL COMMENT 'æ›´æ–°æ—¶é—´',
    `remark`      varchar(500) DEFAULT '' COMMENT 'å¤‡æ³¨',
    PRIMARY KEY (`menu_id`)
) ENGINE = InnoDB
  AUTO_INCREMENT = 2030
  DEFAULT CHARSET = utf8mb4
  COLLATE = utf8mb4_0900_ai_ci COMMENT ='èœå•æƒé™è¡¨';

/*Data for the table `sys_menu` */

insert into `sys_menu`(`menu_id`, `menu_name`, `parent_id`, `order_num`, `path`, `component`, `is_frame`, `menu_type`,
                       `visible`, `status`, `perms`, `icon`, `create_by`, `create_time`, `update_by`, `update_time`,
                       `remark`)
values (1, 'ç³»ç»Ÿç®¡ç†', 0, 1, 'system', NULL, 1, 'M', '0', '0', '', 'system', 'admin', '2018-03-16 11:33:00', 'ry',
        '2018-03-16 11:33:00', 'ç³»ç»Ÿç®¡ç†ç›®å½•'),
       (2, 'ç³»ç»Ÿç›‘æ§', 0, 2, 'monitor', NULL, 1, 'M', '0', '0', '', 'monitor', 'admin', '2018-03-16 11:33:00', 'ry',
        '2018-03-16 11:33:00', 'ç³»ç»Ÿç›‘æ§ç›®å½•'),
       (3, 'ç³»ç»Ÿå·¥å…·', 0, 3, 'tool', NULL, 1, 'M', '0', '0', '', 'tool', 'admin', '2018-03-16 11:33:00', 'ry',
        '2018-03-16 11:33:00', 'ç³»ç»Ÿå·¥å…·ç›®å½•'),
       (4, 'å…¬ä¼—å·ç®¡ç†', 0, 0, 'wxmp', NULL, 1, 'M', '0', '0', '', 'wechat', 'admin', '2018-03-16 11:33:00', 'admin',
        '2020-03-05 14:59:21', 'è‹¥ä¾å®˜ç½‘åœ°å€'),
       (100, 'ç”¨æˆ·ç®¡ç†', 1, 1, 'user', 'system/user/index', 1, 'C', '0', '0', 'system:user:list', 'user', 'admin',
        '2018-03-16 11:33:00', 'ry', '2018-03-16 11:33:00', 'ç”¨æˆ·ç®¡ç†èœå•'),
       (101, 'è§’è‰²ç®¡ç†', 1, 2, 'role', 'system/role/index', 1, 'C', '0', '0', 'system:role:list', 'peoples', 'admin',
        '2018-03-16 11:33:00', 'ry', '2018-03-16 11:33:00', 'è§’è‰²ç®¡ç†èœå•'),
       (102, 'èœå•ç®¡ç†', 1, 3, 'menu', 'system/menu/index', 1, 'C', '0', '0', 'system:menu:list', 'tree-table', 'admin',
        '2018-03-16 11:33:00', 'ry', '2018-03-16 11:33:00', 'èœå•ç®¡ç†èœå•'),
       (103, 'éƒ¨é—¨ç®¡ç†', 1, 4, 'dept', 'system/dept/index', 1, 'C', '0', '0', 'system:dept:list', 'tree', 'admin',
        '2018-03-16 11:33:00', 'ry', '2018-03-16 11:33:00', 'éƒ¨é—¨ç®¡ç†èœå•'),
       (104, 'å²—ä½ç®¡ç†', 1, 5, 'post', 'system/post/index', 1, 'C', '0', '0', 'system:post:list', 'post', 'admin',
        '2018-03-16 11:33:00', 'ry', '2018-03-16 11:33:00', 'å²—ä½ç®¡ç†èœå•'),
       (105, 'å­—å…¸ç®¡ç†', 1, 6, 'dict', 'system/dict/index', 1, 'C', '0', '0', 'system:dict:list', 'dict', 'admin',
        '2018-03-16 11:33:00', 'ry', '2018-03-16 11:33:00', 'å­—å…¸ç®¡ç†èœå•'),
       (106, 'å‚æ•°è®¾ç½®', 1, 7, 'config', 'system/config/index', 1, 'C', '0', '0', 'system:config:list', 'edit', 'admin',
        '2018-03-16 11:33:00', 'ry', '2018-03-16 11:33:00', 'å‚æ•°è®¾ç½®èœå•'),
       (107, 'é€šçŸ¥å…¬å‘Š', 1, 8, 'notice', 'system/notice/index', 1, 'C', '0', '0', 'system:notice:list', 'message', 'admin',
        '2018-03-16 11:33:00', 'ry', '2018-03-16 11:33:00', 'é€šçŸ¥å…¬å‘Šèœå•'),
       (108, 'æ—¥å¿—ç®¡ç†', 1, 9, 'log', 'system/log/index', 1, 'M', '0', '0', '', 'log', 'admin', '2018-03-16 11:33:00', 'ry',
        '2018-03-16 11:33:00', 'æ—¥å¿—ç®¡ç†èœå•'),
       (109, 'åœ¨çº¿ç”¨æˆ·', 2, 1, 'online', 'monitor/online/index', 1, 'C', '0', '0', 'monitor:online:list', 'online', 'admin',
        '2018-03-16 11:33:00', 'ry', '2018-03-16 11:33:00', 'åœ¨çº¿ç”¨æˆ·èœå•'),
       (110, 'å®šæ—¶ä»»åŠ¡', 2, 2, 'job', 'monitor/job/index', 1, 'C', '0', '0', 'monitor:job:list', 'job', 'admin',
        '2018-03-16 11:33:00', 'ry', '2018-03-16 11:33:00', 'å®šæ—¶ä»»åŠ¡èœå•'),
       (111, 'æ•°æ®ç›‘æ§', 2, 3, 'druid', 'monitor/druid/index', 1, 'C', '0', '0', 'monitor:druid:list', 'druid', 'admin',
        '2018-03-16 11:33:00', 'ry', '2018-03-16 11:33:00', 'æ•°æ®ç›‘æ§èœå•'),
       (112, 'æœåŠ¡ç›‘æ§', 2, 4, 'server', 'monitor/server/index', 1, 'C', '0', '0', 'monitor:server:list', 'server', 'admin',
        '2018-03-16 11:33:00', 'ry', '2018-03-16 11:33:00', 'æœåŠ¡ç›‘æ§èœå•'),
       (113, 'è¡¨å•æ„å»º', 3, 1, 'build', 'tool/build/index', 1, 'C', '0', '0', 'tool:build:list', 'build', 'admin',
        '2018-03-16 11:33:00', 'ry', '2018-03-16 11:33:00', 'è¡¨å•æ„å»ºèœå•'),
       (114, 'ä»£ç ç”Ÿæˆ', 3, 2, 'gen', 'tool/gen/index', 1, 'C', '0', '0', 'tool:gen:list', 'code', 'admin',
        '2018-03-16 11:33:00', 'ry', '2018-03-16 11:33:00', 'ä»£ç ç”Ÿæˆèœå•'),
       (115, 'ç³»ç»Ÿæ¥å£', 3, 3, 'swagger', 'tool/swagger/index', 1, 'C', '0', '0', 'tool:swagger:list', 'swagger', 'admin',
        '2018-03-16 11:33:00', 'ry', '2018-03-16 11:33:00', 'ç³»ç»Ÿæ¥å£èœå•'),
       (500, 'æ“ä½œæ—¥å¿—', 108, 1, 'operlog', 'monitor/operlog/index', 1, 'C', '0', '0', 'monitor:operlog:list', 'form',
        'admin', '2018-03-16 11:33:00', 'ry', '2018-03-16 11:33:00', 'æ“ä½œæ—¥å¿—èœå•'),
       (501, 'ç™»å½•æ—¥å¿—', 108, 2, 'logininfor', 'monitor/logininfor/index', 1, 'C', '0', '0', 'monitor:logininfor:list',
        'logininfor', 'admin', '2018-03-16 11:33:00', 'ry', '2018-03-16 11:33:00', 'ç™»å½•æ—¥å¿—èœå•'),
       (1001, 'ç”¨æˆ·æŸ¥è¯¢', 100, 1, '', '', 1, 'F', '0', '0', 'system:user:query', '#', 'admin', '2018-03-16 11:33:00', 'ry',
        '2018-03-16 11:33:00', ''),
       (1002, 'ç”¨æˆ·æ–°å¢', 100, 2, '', '', 1, 'F', '0', '0', 'system:user:add', '#', 'admin', '2018-03-16 11:33:00', 'ry',
        '2018-03-16 11:33:00', ''),
       (1003, 'ç”¨æˆ·ä¿®æ”¹', 100, 3, '', '', 1, 'F', '0', '0', 'system:user:edit', '#', 'admin', '2018-03-16 11:33:00', 'ry',
        '2018-03-16 11:33:00', ''),
       (1004, 'ç”¨æˆ·åˆ é™¤', 100, 4, '', '', 1, 'F', '0', '0', 'system:user:remove', '#', 'admin', '2018-03-16 11:33:00', 'ry',
        '2018-03-16 11:33:00', ''),
       (1005, 'ç”¨æˆ·å¯¼å‡º', 100, 5, '', '', 1, 'F', '0', '0', 'system:user:export', '#', 'admin', '2018-03-16 11:33:00', 'ry',
        '2018-03-16 11:33:00', ''),
       (1006, 'ç”¨æˆ·å¯¼å…¥', 100, 6, '', '', 1, 'F', '0', '0', 'system:user:import', '#', 'admin', '2018-03-16 11:33:00', 'ry',
        '2018-03-16 11:33:00', ''),
       (1007, 'é‡ç½®å¯†ç ', 100, 7, '', '', 1, 'F', '0', '0', 'system:user:resetPwd', '#', 'admin', '2018-03-16 11:33:00',
        'ry', '2018-03-16 11:33:00', ''),
       (1008, 'è§’è‰²æŸ¥è¯¢', 101, 1, '', '', 1, 'F', '0', '0', 'system:role:query', '#', 'admin', '2018-03-16 11:33:00', 'ry',
        '2018-03-16 11:33:00', ''),
       (1009, 'è§’è‰²æ–°å¢', 101, 2, '', '', 1, 'F', '0', '0', 'system:role:add', '#', 'admin', '2018-03-16 11:33:00', 'ry',
        '2018-03-16 11:33:00', ''),
       (1010, 'è§’è‰²ä¿®æ”¹', 101, 3, '', '', 1, 'F', '0', '0', 'system:role:edit', '#', 'admin', '2018-03-16 11:33:00', 'ry',
        '2018-03-16 11:33:00', ''),
       (1011, 'è§’è‰²åˆ é™¤', 101, 4, '', '', 1, 'F', '0', '0', 'system:role:remove', '#', 'admin', '2018-03-16 11:33:00', 'ry',
        '2018-03-16 11:33:00', ''),
       (1012, 'è§’è‰²å¯¼å‡º', 101, 5, '', '', 1, 'F', '0', '0', 'system:role:export', '#', 'admin', '2018-03-16 11:33:00', 'ry',
        '2018-03-16 11:33:00', ''),
       (1013, 'èœå•æŸ¥è¯¢', 102, 1, '', '', 1, 'F', '0', '0', 'system:menu:query', '#', 'admin', '2018-03-16 11:33:00', 'ry',
        '2018-03-16 11:33:00', ''),
       (1014, 'èœå•æ–°å¢', 102, 2, '', '', 1, 'F', '0', '0', 'system:menu:add', '#', 'admin', '2018-03-16 11:33:00', 'ry',
        '2018-03-16 11:33:00', ''),
       (1015, 'èœå•ä¿®æ”¹', 102, 3, '', '', 1, 'F', '0', '0', 'system:menu:edit', '#', 'admin', '2018-03-16 11:33:00', 'ry',
        '2018-03-16 11:33:00', ''),
       (1016, 'èœå•åˆ é™¤', 102, 4, '', '', 1, 'F', '0', '0', 'system:menu:remove', '#', 'admin', '2018-03-16 11:33:00', 'ry',
        '2018-03-16 11:33:00', ''),
       (1017, 'éƒ¨é—¨æŸ¥è¯¢', 103, 1, '', '', 1, 'F', '0', '0', 'system:dept:query', '#', 'admin', '2018-03-16 11:33:00', 'ry',
        '2018-03-16 11:33:00', ''),
       (1018, 'éƒ¨é—¨æ–°å¢', 103, 2, '', '', 1, 'F', '0', '0', 'system:dept:add', '#', 'admin', '2018-03-16 11:33:00', 'ry',
        '2018-03-16 11:33:00', ''),
       (1019, 'éƒ¨é—¨ä¿®æ”¹', 103, 3, '', '', 1, 'F', '0', '0', 'system:dept:edit', '#', 'admin', '2018-03-16 11:33:00', 'ry',
        '2018-03-16 11:33:00', ''),
       (1020, 'éƒ¨é—¨åˆ é™¤', 103, 4, '', '', 1, 'F', '0', '0', 'system:dept:remove', '#', 'admin', '2018-03-16 11:33:00', 'ry',
        '2018-03-16 11:33:00', ''),
       (1021, 'å²—ä½æŸ¥è¯¢', 104, 1, '', '', 1, 'F', '0', '0', 'system:post:query', '#', 'admin', '2018-03-16 11:33:00', 'ry',
        '2018-03-16 11:33:00', ''),
       (1022, 'å²—ä½æ–°å¢', 104, 2, '', '', 1, 'F', '0', '0', 'system:post:add', '#', 'admin', '2018-03-16 11:33:00', 'ry',
        '2018-03-16 11:33:00', ''),
       (1023, 'å²—ä½ä¿®æ”¹', 104, 3, '', '', 1, 'F', '0', '0', 'system:post:edit', '#', 'admin', '2018-03-16 11:33:00', 'ry',
        '2018-03-16 11:33:00', ''),
       (1024, 'å²—ä½åˆ é™¤', 104, 4, '', '', 1, 'F', '0', '0', 'system:post:remove', '#', 'admin', '2018-03-16 11:33:00', 'ry',
        '2018-03-16 11:33:00', ''),
       (1025, 'å²—ä½å¯¼å‡º', 104, 5, '', '', 1, 'F', '0', '0', 'system:post:export', '#', 'admin', '2018-03-16 11:33:00', 'ry',
        '2018-03-16 11:33:00', ''),
       (1026, 'å­—å…¸æŸ¥è¯¢', 105, 1, '#', '', 1, 'F', '0', '0', 'system:dict:query', '#', 'admin', '2018-03-16 11:33:00', 'ry',
        '2018-03-16 11:33:00', ''),
       (1027, 'å­—å…¸æ–°å¢', 105, 2, '#', '', 1, 'F', '0', '0', 'system:dict:add', '#', 'admin', '2018-03-16 11:33:00', 'ry',
        '2018-03-16 11:33:00', ''),
       (1028, 'å­—å…¸ä¿®æ”¹', 105, 3, '#', '', 1, 'F', '0', '0', 'system:dict:edit', '#', 'admin', '2018-03-16 11:33:00', 'ry',
        '2018-03-16 11:33:00', ''),
       (1029, 'å­—å…¸åˆ é™¤', 105, 4, '#', '', 1, 'F', '0', '0', 'system:dict:remove', '#', 'admin', '2018-03-16 11:33:00',
        'ry', '2018-03-16 11:33:00', ''),
       (1030, 'å­—å…¸å¯¼å‡º', 105, 5, '#', '', 1, 'F', '0', '0', 'system:dict:export', '#', 'admin', '2018-03-16 11:33:00',
        'ry', '2018-03-16 11:33:00', ''),
       (1031, 'å‚æ•°æŸ¥è¯¢', 106, 1, '#', '', 1, 'F', '0', '0', 'system:config:query', '#', 'admin', '2018-03-16 11:33:00',
        'ry', '2018-03-16 11:33:00', ''),
       (1032, 'å‚æ•°æ–°å¢', 106, 2, '#', '', 1, 'F', '0', '0', 'system:config:add', '#', 'admin', '2018-03-16 11:33:00', 'ry',
        '2018-03-16 11:33:00', ''),
       (1033, 'å‚æ•°ä¿®æ”¹', 106, 3, '#', '', 1, 'F', '0', '0', 'system:config:edit', '#', 'admin', '2018-03-16 11:33:00',
        'ry', '2018-03-16 11:33:00', ''),
       (1034, 'å‚æ•°åˆ é™¤', 106, 4, '#', '', 1, 'F', '0', '0', 'system:config:remove', '#', 'admin', '2018-03-16 11:33:00',
        'ry', '2018-03-16 11:33:00', ''),
       (1035, 'å‚æ•°å¯¼å‡º', 106, 5, '#', '', 1, 'F', '0', '0', 'system:config:export', '#', 'admin', '2018-03-16 11:33:00',
        'ry', '2018-03-16 11:33:00', ''),
       (1036, 'å…¬å‘ŠæŸ¥è¯¢', 107, 1, '#', '', 1, 'F', '0', '0', 'system:notice:query', '#', 'admin', '2018-03-16 11:33:00',
        'ry', '2018-03-16 11:33:00', ''),
       (1037, 'å…¬å‘Šæ–°å¢', 107, 2, '#', '', 1, 'F', '0', '0', 'system:notice:add', '#', 'admin', '2018-03-16 11:33:00', 'ry',
        '2018-03-16 11:33:00', ''),
       (1038, 'å…¬å‘Šä¿®æ”¹', 107, 3, '#', '', 1, 'F', '0', '0', 'system:notice:edit', '#', 'admin', '2018-03-16 11:33:00',
        'ry', '2018-03-16 11:33:00', ''),
       (1039, 'å…¬å‘Šåˆ é™¤', 107, 4, '#', '', 1, 'F', '0', '0', 'system:notice:remove', '#', 'admin', '2018-03-16 11:33:00',
        'ry', '2018-03-16 11:33:00', ''),
       (1040, 'æ“ä½œæŸ¥è¯¢', 500, 1, '#', '', 1, 'F', '0', '0', 'monitor:operlog:query', '#', 'admin', '2018-03-16 11:33:00',
        'ry', '2018-03-16 11:33:00', ''),
       (1041, 'æ“ä½œåˆ é™¤', 500, 2, '#', '', 1, 'F', '0', '0', 'monitor:operlog:remove', '#', 'admin', '2018-03-16 11:33:00',
        'ry', '2018-03-16 11:33:00', ''),
       (1042, 'æ—¥å¿—å¯¼å‡º', 500, 4, '#', '', 1, 'F', '0', '0', 'monitor:operlog:export', '#', 'admin', '2018-03-16 11:33:00',
        'ry', '2018-03-16 11:33:00', ''),
       (1043, 'ç™»å½•æŸ¥è¯¢', 501, 1, '#', '', 1, 'F', '0', '0', 'monitor:logininfor:query', '#', 'admin',
        '2018-03-16 11:33:00', 'ry', '2018-03-16 11:33:00', ''),
       (1044, 'ç™»å½•åˆ é™¤', 501, 2, '#', '', 1, 'F', '0', '0', 'monitor:logininfor:remove', '#', 'admin',
        '2018-03-16 11:33:00', 'ry', '2018-03-16 11:33:00', ''),
       (1045, 'æ—¥å¿—å¯¼å‡º', 501, 3, '#', '', 1, 'F', '0', '0', 'monitor:logininfor:export', '#', 'admin',
        '2018-03-16 11:33:00', 'ry', '2018-03-16 11:33:00', ''),
       (1046, 'åœ¨çº¿æŸ¥è¯¢', 109, 1, '#', '', 1, 'F', '0', '0', 'monitor:online:query', '#', 'admin', '2018-03-16 11:33:00',
        'ry', '2018-03-16 11:33:00', ''),
       (1047, 'æ‰¹é‡å¼ºé€€', 109, 2, '#', '', 1, 'F', '0', '0', 'monitor:online:batchLogout', '#', 'admin',
        '2018-03-16 11:33:00', 'ry', '2018-03-16 11:33:00', ''),
       (1048, 'å•æ¡å¼ºé€€', 109, 3, '#', '', 1, 'F', '0', '0', 'monitor:online:forceLogout', '#', 'admin',
        '2018-03-16 11:33:00', 'ry', '2018-03-16 11:33:00', ''),
       (1049, 'ä»»åŠ¡æŸ¥è¯¢', 110, 1, '#', '', 1, 'F', '0', '0', 'monitor:job:query', '#', 'admin', '2018-03-16 11:33:00', 'ry',
        '2018-03-16 11:33:00', ''),
       (1050, 'ä»»åŠ¡æ–°å¢', 110, 2, '#', '', 1, 'F', '0', '0', 'monitor:job:add', '#', 'admin', '2018-03-16 11:33:00', 'ry',
        '2018-03-16 11:33:00', ''),
       (1051, 'ä»»åŠ¡ä¿®æ”¹', 110, 3, '#', '', 1, 'F', '0', '0', 'monitor:job:edit', '#', 'admin', '2018-03-16 11:33:00', 'ry',
        '2018-03-16 11:33:00', ''),
       (1052, 'ä»»åŠ¡åˆ é™¤', 110, 4, '#', '', 1, 'F', '0', '0', 'monitor:job:remove', '#', 'admin', '2018-03-16 11:33:00',
        'ry', '2018-03-16 11:33:00', ''),
       (1053, 'çŠ¶æ€ä¿®æ”¹', 110, 5, '#', '', 1, 'F', '0', '0', 'monitor:job:changeStatus', '#', 'admin',
        '2018-03-16 11:33:00', 'ry', '2018-03-16 11:33:00', ''),
       (1054, 'ä»»åŠ¡å¯¼å‡º', 110, 7, '#', '', 1, 'F', '0', '0', 'monitor:job:export', '#', 'admin', '2018-03-16 11:33:00',
        'ry', '2018-03-16 11:33:00', ''),
       (1055, 'ç”ŸæˆæŸ¥è¯¢', 114, 1, '#', '', 1, 'F', '0', '0', 'tool:gen:query', '#', 'admin', '2018-03-16 11:33:00', 'ry',
        '2018-03-16 11:33:00', ''),
       (1056, 'ç”Ÿæˆä¿®æ”¹', 114, 2, '#', '', 1, 'F', '0', '0', 'tool:gen:edit', '#', 'admin', '2018-03-16 11:33:00', 'ry',
        '2018-03-16 11:33:00', ''),
       (1057, 'ç”Ÿæˆåˆ é™¤', 114, 3, '#', '', 1, 'F', '0', '0', 'tool:gen:remove', '#', 'admin', '2018-03-16 11:33:00', 'ry',
        '2018-03-16 11:33:00', ''),
       (1058, 'å¯¼å…¥ä»£ç ', 114, 2, '#', '', 1, 'F', '0', '0', 'tool:gen:import', '#', 'admin', '2018-03-16 11:33:00', 'ry',
        '2018-03-16 11:33:00', ''),
       (1059, 'é¢„è§ˆä»£ç ', 114, 4, '#', '', 1, 'F', '0', '0', 'tool:gen:preview', '#', 'admin', '2018-03-16 11:33:00', 'ry',
        '2018-03-16 11:33:00', ''),
       (1060, 'ç”Ÿæˆä»£ç ', 114, 5, '#', '', 1, 'F', '0', '0', 'tool:gen:code', '#', 'admin', '2018-03-16 11:33:00', 'ry',
        '2018-03-16 11:33:00', ''),
       (2000, 'ç”¨æˆ·æ ‡ç­¾', 4, 10, 'wxusertags', 'wxmp/wxusertags/index', 1, 'C', '0', '0', 'wxmp:wxusertags:list', 'tab',
        'admin', '2020-03-03 10:47:36', 'admin', '2020-03-03 20:17:50', ''),
       (2001, 'ä¿®æ”¹æ ‡ç­¾', 2000, 10, '', NULL, 1, 'F', '1', '0', 'wxmp:wxusertags:edit', '#', 'admin', '2020-03-03 11:16:13',
        '', NULL, ''),
       (2002, 'å…¬ä¼—å·ç”¨æˆ·', 4, 20, 'wxuser', 'wxmp/wxuser/index', 1, 'C', '0', '0', 'wxmp:wxuser:index', 'peoples', 'admin',
        '2020-03-04 10:13:30', '', NULL, ''),
       (2003, 'ç”¨æˆ·æ¶ˆæ¯', 4, 30, 'wxmsg', 'wxmp/wxmsg/index', 1, 'C', '0', '0', 'wxmp:wxmsg:index', 'clipboard', 'admin',
        '2020-03-04 10:15:47', '', NULL, ''),
       (2004, 'ç´ æç®¡ç†', 4, 40, 'wxmaterial', 'wxmp/wxmaterial/index', 1, 'C', '0', '0', 'wxmp:wxmsg:index', 'example',
        'admin', '2020-03-04 10:17:21', '', NULL, ''),
       (2005, 'è‡ªå®šä¹‰èœå•', 4, 50, 'wxmenu', 'wxmp/wxmenu/detail', 1, 'C', '0', '0', 'wxmp:wxmenu:get', 'cascader', 'admin',
        '2020-03-04 10:18:02', 'admin', '2020-03-04 10:29:20', ''),
       (2006, 'æ¶ˆæ¯è‡ªåŠ¨å›å¤', 4, 60, 'wxautoreply', 'wxmp/wxautoreply/index', 1, 'C', '0', '0', 'wxmp:wxautoreply:index',
        'dashboard', 'admin', '2020-03-04 10:18:53', '', NULL, ''),
       (2007, 'æ•°æ®ç»Ÿè®¡', 4, 70, 'wxsummary', 'wxmp/wxsummary/index', 1, 'C', '0', '0', NULL, 'druid', 'admin',
        '2020-03-04 10:19:53', '', NULL, ''),
       (2008, 'ç”¨æˆ·æ ‡ç­¾åˆ é™¤', 2000, 0, '', NULL, 1, 'F', '0', '0', 'wxmp:wxusertags:del', '#', 'admin', '2020-03-04 17:08:10',
        '', NULL, ''),
       (2009, 'ç”¨æˆ·æ ‡ç­¾æ–°å¢', 2000, 0, '', NULL, 1, 'F', '0', '0', 'wxmp:wxusertags:add', '#', 'admin', '2020-03-04 17:08:42',
        '', NULL, ''),
       (2010, 'å…¬ä¼—å·ç”¨æˆ·æ–°å¢', 2002, 0, '', NULL, 1, 'F', '0', '0', 'wxmp:wxuser:add', '#', 'admin', '2020-03-04 17:15:01',
        'admin', '2020-03-04 17:16:59', ''),
       (2011, 'å…¬ä¼—å·ç”¨æˆ·ä¿®æ”¹', 2002, 0, '', NULL, 1, 'F', '0', '0', 'wxmp:wxuser:edit', '#', 'admin', '2020-03-04 17:16:17',
        'admin', '2020-03-04 17:17:09', ''),
       (2012, 'å…¬ä¼—å·ç”¨æˆ·æ‰“æ ‡ç­¾', 2002, 0, '', NULL, 1, 'F', '0', '0', 'wxmp:wxuser:tagging', '#', 'admin',
        '2020-03-04 17:16:41', '', NULL, ''),
       (2013, 'å…¬ä¼—å·ç”¨æˆ·å¤‡æ³¨ä¿®æ”¹', 2002, 0, '', NULL, 1, 'F', '0', '0', 'wxmp:wxuser:edit:remark', '#', 'admin',
        '2020-03-04 17:17:43', '', NULL, ''),
       (2014, 'å…¬ä¼—å·ç”¨æˆ·åŒæ­¥', 2002, 0, '', NULL, 1, 'F', '0', '0', 'wxmp:wxuser:synchro', '#', 'admin',
        '2020-03-04 17:18:09', '', NULL, ''),
       (2015, 'å…¬ä¼—å·ç”¨æˆ·åˆ é™¤', 2002, 0, '', NULL, 1, 'F', '0', '0', 'wxmp:wxuser:del', '#', 'admin', '2020-03-04 17:18:31',
        '', NULL, ''),
       (2016, 'å…¬ä¼—å·ç”¨æˆ·è¯¦æƒ…', 2002, 0, '', NULL, 1, 'F', '0', '0', 'wxmp:wxuser:get', '#', 'admin', '2020-03-04 17:18:55',
        '', NULL, ''),
       (2017, 'ç”¨æˆ·æ¶ˆæ¯æ–°å¢', 2003, 0, '', NULL, 1, 'F', '0', '0', 'wxmp:wxmsg:add', '#', 'admin', '2020-03-04 17:19:24', '',
        NULL, ''),
       (2018, 'ç”¨æˆ·æ¶ˆæ¯ä¿®æ”¹', 2003, 0, '', NULL, 1, 'F', '0', '0', 'wxmp:wxmsg:edit', '#', 'admin', '2020-03-04 17:19:45', '',
        NULL, ''),
       (2019, 'ç”¨æˆ·æ¶ˆæ¯åˆ é™¤', 2003, 0, '', NULL, 1, 'F', '0', '0', 'wxmp:wxmsg:del', '#', 'admin', '2020-03-04 17:20:03', '',
        NULL, ''),
       (2020, 'ç”¨æˆ·æ¶ˆæ¯è¯¦æƒ…', 2003, 0, '', NULL, 1, 'F', '0', '0', 'wxmp:wxmsg:get', '#', 'admin', '2020-03-04 17:20:21', '',
        NULL, ''),
       (2021, 'ç´ ææ–°å¢', 2004, 0, '', NULL, 1, 'F', '0', '0', 'wxmp:wxmaterial:add', '#', 'admin', '2020-03-04 17:20:43',
        '', NULL, ''),
       (2022, 'ç´ æä¿®æ”¹', 2004, 0, '', NULL, 1, 'F', '0', '0', 'wxmp:wxmaterial:edit', '#', 'admin', '2020-03-04 17:21:03',
        '', NULL, ''),
       (2023, 'ç´ æåˆ é™¤', 2004, 0, '', NULL, 1, 'F', '0', '0', 'wxmp:wxmaterial:del', '#', 'admin', '2020-03-04 17:21:24',
        '', NULL, ''),
       (2024, 'ç´ æè¯¦æƒ…', 2004, 0, '', NULL, 1, 'F', '0', '0', 'wxmp:wxmaterial:get', '#', 'admin', '2020-03-04 17:21:43',
        '', NULL, ''),
       (2025, 'è‡ªå®šä¹‰èœå•å‘å¸ƒ', 2005, 0, '', NULL, 1, 'F', '0', '0', 'wxmp:wxmenu:add', '#', 'admin', '2020-03-04 17:22:12',
        '', NULL, ''),
       (2026, 'æ¶ˆæ¯è‡ªåŠ¨å›å¤æ–°å¢', 2006, 0, '', NULL, 1, 'F', '0', '0', 'wxmp:wxautoreply:add', '#', 'admin',
        '2020-03-04 17:22:43', '', NULL, ''),
       (2027, 'æ¶ˆæ¯è‡ªåŠ¨å›å¤ä¿®æ”¹', 2006, 0, '', NULL, 1, 'F', '0', '0', 'wxmp:wxautoreply:edit', '#', 'admin',
        '2020-03-04 17:23:05', '', NULL, ''),
       (2028, 'æ¶ˆæ¯è‡ªåŠ¨å›å¤åˆ é™¤', 2006, 0, '', NULL, 1, 'F', '0', '0', 'wxmp:wxautoreply:del', '#', 'admin',
        '2020-03-04 17:23:36', '', NULL, ''),
       (2029, 'æ¶ˆæ¯è‡ªåŠ¨å›å¤è¯¦æƒ…', 2006, 0, '', NULL, 1, 'F', '0', '0', 'wxmp:wxautoreply:get', '#', 'admin',
        '2020-03-04 17:23:59', '', NULL, '');

/*Table structure for table `sys_notice` */

DROP TABLE IF EXISTS `sys_notice`;

CREATE TABLE `sys_notice`
(
    `notice_id`      int(4)      NOT NULL AUTO_INCREMENT COMMENT 'å…¬å‘ŠID',
    `notice_title`   varchar(50) NOT NULL COMMENT 'å…¬å‘Šæ ‡é¢˜',
    `notice_type`    char(1)     NOT NULL COMMENT 'å…¬å‘Šç±»å‹ï¼ˆ1é€šçŸ¥ 2å…¬å‘Šï¼‰',
    `notice_content` varchar(2000) DEFAULT NULL COMMENT 'å…¬å‘Šå†…å®¹',
    `status`         char(1)       DEFAULT '0' COMMENT 'å…¬å‘ŠçŠ¶æ€ï¼ˆ0æ­£å¸¸ 1å…³é—­ï¼‰',
    `create_by`      varchar(64)   DEFAULT '' COMMENT 'åˆ›å»ºè€…',
    `create_time`    datetime      DEFAULT NULL COMMENT 'åˆ›å»ºæ—¶é—´',
    `update_by`      varchar(64)   DEFAULT '' COMMENT 'æ›´æ–°è€…',
    `update_time`    datetime      DEFAULT NULL COMMENT 'æ›´æ–°æ—¶é—´',
    `remark`         varchar(255)  DEFAULT NULL COMMENT 'å¤‡æ³¨',
    PRIMARY KEY (`notice_id`)
) ENGINE = InnoDB
  AUTO_INCREMENT = 10
  DEFAULT CHARSET = utf8mb4
  COLLATE = utf8mb4_0900_ai_ci COMMENT ='é€šçŸ¥å…¬å‘Šè¡¨';

/*Data for the table `sys_notice` */

insert into `sys_notice`(`notice_id`, `notice_title`, `notice_type`, `notice_content`, `status`, `create_by`,
                         `create_time`, `update_by`, `update_time`, `remark`)
values (1, 'æ¸©é¦¨æé†’ï¼š2018-07-01 è‹¥ä¾æ–°ç‰ˆæœ¬å‘å¸ƒå•¦', '2', 'æ–°ç‰ˆæœ¬å†…å®¹', '0', 'admin', '2018-03-16 11:33:00', 'ry', '2018-03-16 11:33:00',
        'ç®¡ç†å‘˜'),
       (2, 'ç»´æŠ¤é€šçŸ¥ï¼š2018-07-01 è‹¥ä¾ç³»ç»Ÿå‡Œæ™¨ç»´æŠ¤', '1', 'ç»´æŠ¤å†…å®¹', '0', 'admin', '2018-03-16 11:33:00', 'ry', '2018-03-16 11:33:00',
        'ç®¡ç†å‘˜');

/*Table structure for table `sys_oper_log` */

DROP TABLE IF EXISTS `sys_oper_log`;

CREATE TABLE `sys_oper_log`
(
    `oper_id`        bigint(20) NOT NULL AUTO_INCREMENT COMMENT 'æ—¥å¿—ä¸»é”®',
    `title`          varchar(50)   DEFAULT '' COMMENT 'æ¨¡å—æ ‡é¢˜',
    `business_type`  int(2)        DEFAULT '0' COMMENT 'ä¸šåŠ¡ç±»å‹ï¼ˆ0å…¶å®ƒ 1æ–°å¢ 2ä¿®æ”¹ 3åˆ é™¤ï¼‰',
    `method`         varchar(100)  DEFAULT '' COMMENT 'æ–¹æ³•åç§°',
    `request_method` varchar(10)   DEFAULT '' COMMENT 'è¯·æ±‚æ–¹å¼',
    `operator_type`  int(1)        DEFAULT '0' COMMENT 'æ“ä½œç±»åˆ«ï¼ˆ0å…¶å®ƒ 1åå°ç”¨æˆ· 2æ‰‹æœºç«¯ç”¨æˆ·ï¼‰',
    `oper_name`      varchar(50)   DEFAULT '' COMMENT 'æ“ä½œäººå‘˜',
    `dept_name`      varchar(50)   DEFAULT '' COMMENT 'éƒ¨é—¨åç§°',
    `oper_url`       varchar(255)  DEFAULT '' COMMENT 'è¯·æ±‚URL',
    `oper_ip`        varchar(50)   DEFAULT '' COMMENT 'ä¸»æœºåœ°å€',
    `oper_location`  varchar(255)  DEFAULT '' COMMENT 'æ“ä½œåœ°ç‚¹',
    `oper_param`     varchar(2000) DEFAULT '' COMMENT 'è¯·æ±‚å‚æ•°',
    `json_result`    varchar(2000) DEFAULT '' COMMENT 'è¿”å›å‚æ•°',
    `status`         int(1)        DEFAULT '0' COMMENT 'æ“ä½œçŠ¶æ€ï¼ˆ0æ­£å¸¸ 1å¼‚å¸¸ï¼‰',
    `error_msg`      varchar(2000) DEFAULT '' COMMENT 'é”™è¯¯æ¶ˆæ¯',
    `oper_time`      datetime      DEFAULT NULL COMMENT 'æ“ä½œæ—¶é—´',
    PRIMARY KEY (`oper_id`)
) ENGINE = InnoDB
  AUTO_INCREMENT = 161
  DEFAULT CHARSET = utf8mb4
  COLLATE = utf8mb4_0900_ai_ci COMMENT ='æ“ä½œæ—¥å¿—è®°å½•';

/*Data for the table `sys_oper_log` */

insert into `sys_oper_log`(`oper_id`, `title`, `business_type`, `method`, `request_method`, `operator_type`,
                           `oper_name`, `dept_name`, `oper_url`, `oper_ip`, `oper_location`, `oper_param`,
                           `json_result`, `status`, `error_msg`, `oper_time`)
values (100, 'èœå•ç®¡ç†', 2, 'com.ruoyi.project.system.controller.SysMenuController.edit()', 'PUT', 1, 'admin', NULL,
        '/system/menu', '127.0.0.1', 'å†…ç½‘IP',
        '{\"visible\":\"0\",\"icon\":\"wechat\",\"orderNum\":\"4\",\"menuName\":\"å¾®ä¿¡ç®¡ç†\",\"params\":{},\"parentId\":0,\"path\":\"weixin\",\"children\":[],\"createTime\":1521171180000,\"updateBy\":\"admin\",\"isFrame\":\"1\",\"menuId\":4,\"menuType\":\"M\",\"perms\":\"\"}',
        '{\"msg\":\"æ“ä½œæˆåŠŸ\",\"code\":200}', 0, NULL, '2020-03-03 10:44:51'),
       (101, 'èœå•ç®¡ç†', 1, 'com.ruoyi.project.system.controller.SysMenuController.add()', 'POST', 1, 'admin', NULL,
        '/system/menu', '127.0.0.1', 'å†…ç½‘IP',
        '{\"visible\":\"0\",\"icon\":\"tab\",\"orderNum\":\"10\",\"menuName\":\"ç”¨æˆ·æ ‡ç­¾\",\"params\":{},\"parentId\":4,\"path\":\"wxusertags\",\"component\":\"wxmp/wxusertags/index\",\"createBy\":\"admin\",\"children\":[],\"isFrame\":\"1\",\"menuType\":\"C\"}',
        '{\"msg\":\"æ“ä½œæˆåŠŸ\",\"code\":200}', 0, NULL, '2020-03-03 10:47:36'),
       (102, 'èœå•ç®¡ç†', 2, 'com.ruoyi.project.system.controller.SysMenuController.edit()', 'PUT', 1, 'admin', NULL,
        '/system/menu', '127.0.0.1', 'å†…ç½‘IP',
        '{\"visible\":\"0\",\"icon\":\"wechat\",\"orderNum\":\"4\",\"menuName\":\"å…¬ä¼—å·ç®¡ç†\",\"params\":{},\"parentId\":0,\"path\":\"wxmp\",\"children\":[],\"createTime\":1521171180000,\"updateBy\":\"admin\",\"isFrame\":\"1\",\"menuId\":4,\"menuType\":\"M\",\"perms\":\"\"}',
        '{\"msg\":\"æ“ä½œæˆåŠŸ\",\"code\":200}', 0, NULL, '2020-03-03 10:47:55'),
       (103, 'èœå•ç®¡ç†', 2, 'com.ruoyi.project.system.controller.SysMenuController.edit()', 'PUT', 1, 'admin', NULL,
        '/system/menu', '127.0.0.1', 'å†…ç½‘IP',
        '{\"visible\":\"0\",\"icon\":\"tab\",\"orderNum\":\"10\",\"menuName\":\"ç”¨æˆ·æ ‡ç­¾\",\"params\":{},\"parentId\":4,\"path\":\"wxusertags\",\"component\":\"wxmp/wxusertags/index\",\"children\":[],\"createTime\":1583203656000,\"updateBy\":\"admin\",\"isFrame\":\"1\",\"menuId\":2000,\"menuType\":\"C\",\"perms\":\"wxmp:wxusertags:list\"}',
        '{\"msg\":\"æ“ä½œæˆåŠŸ\",\"code\":200}', 0, NULL, '2020-03-03 10:52:18'),
       (104, 'è§’è‰²ç®¡ç†', 2, 'com.ruoyi.project.system.controller.SysRoleController.edit()', 'PUT', 1, 'admin', NULL,
        '/system/role', '127.0.0.1', 'å†…ç½‘IP',
        '{\"flag\":false,\"roleId\":1,\"admin\":true,\"remark\":\"ç®¡ç†å‘˜\",\"dataScope\":\"1\",\"delFlag\":\"0\",\"params\":{},\"roleSort\":\"1\",\"createTime\":1521171180000,\"roleKey\":\"admin\",\"roleName\":\"ç®¡ç†å‘˜\",\"menuIds\":[1,100,1001,1002,1003,1004,1005,1006,1007,101,1008,1009,1010,1011,1012,102,1013,1014,1015,1016,103,1017,1018,1019,1020,104,1021,1022,1023,1024,1025,105,1026,1027,1028,1029,1030,106,1031,1032,1033,1034,1035,107,1036,1037,1038,1039,108,500,1040,1041,1042,501,1043,1044,1045,2,109,1046,1047,1048,110,1049,1050,1051,1052,1053,1054,111,112,3,113,114,1055,1056,1058,1057,1059,1060,115,4,2000],\"status\":\"0\"}',
        'null', 1, 'ä¸å…è®¸æ“ä½œè¶…çº§ç®¡ç†å‘˜è§’è‰²', '2020-03-03 11:07:36'),
       (105, 'èœå•ç®¡ç†', 1, 'com.ruoyi.project.system.controller.SysMenuController.add()', 'POST', 1, 'admin', NULL,
        '/system/menu', '127.0.0.1', 'å†…ç½‘IP',
        '{\"visible\":\"1\",\"orderNum\":\"10\",\"menuName\":\"ä¿®æ”¹æ ‡ç­¾\",\"params\":{},\"parentId\":2000,\"createBy\":\"admin\",\"children\":[],\"isFrame\":\"1\",\"menuType\":\"F\",\"perms\":\"wxmp:wxusertags:edit\"}',
        '{\"msg\":\"æ“ä½œæˆåŠŸ\",\"code\":200}', 0, NULL, '2020-03-03 11:16:13'),
       (106, 'èœå•ç®¡ç†', 2, 'com.ruoyi.project.system.controller.SysMenuController.edit()', 'PUT', 1, 'admin', NULL,
        '/system/menu', '127.0.0.1', 'å†…ç½‘IP',
        '{\"visible\":\"0\",\"icon\":\"wechat\",\"orderNum\":\"4\",\"menuName\":\"å…¬ä¼—å·ç®¡ç†\",\"params\":{},\"parentId\":0,\"path\":\"wxmp\",\"children\":[],\"createTime\":1521171180000,\"updateBy\":\"admin\",\"isFrame\":\"1\",\"menuId\":4,\"menuType\":\"M\",\"perms\":\"\"}',
        '{\"msg\":\"æ“ä½œæˆåŠŸ\",\"code\":200}', 0, NULL, '2020-03-03 20:17:20'),
       (107, 'èœå•ç®¡ç†', 2, 'com.ruoyi.project.system.controller.SysMenuController.edit()', 'PUT', 1, 'admin', NULL,
        '/system/menu', '127.0.0.1', 'å†…ç½‘IP',
        '{\"visible\":\"0\",\"icon\":\"tab\",\"orderNum\":\"10\",\"menuName\":\"ç”¨æˆ·æ ‡ç­¾\",\"params\":{},\"parentId\":4,\"path\":\"wxusertags\",\"component\":\"wxmp/wxusertags/index\",\"children\":[],\"createTime\":1583203656000,\"updateBy\":\"admin\",\"isFrame\":\"1\",\"menuId\":2000,\"menuType\":\"C\",\"perms\":\"wxmp:wxusertags:list\"}',
        '{\"msg\":\"æ“ä½œæˆåŠŸ\",\"code\":200}', 0, NULL, '2020-03-03 20:17:50'),
       (108, 'èœå•ç®¡ç†', 1, 'com.ruoyi.project.system.controller.SysMenuController.add()', 'POST', 1, 'admin', NULL,
        '/system/menu', '127.0.0.1', 'å†…ç½‘IP',
        '{\"visible\":\"0\",\"icon\":\"peoples\",\"orderNum\":\"20\",\"menuName\":\"å…¬ä¼—å·ç”¨æˆ·\",\"params\":{},\"parentId\":4,\"path\":\"wxuser\",\"component\":\"wxmp/wxuser/index\",\"createBy\":\"admin\",\"children\":[],\"isFrame\":\"1\",\"menuType\":\"C\",\"perms\":\"wxmp:wxuser:index\"}',
        '{\"msg\":\"æ“ä½œæˆåŠŸ\",\"code\":200}', 0, NULL, '2020-03-04 10:13:30'),
       (109, 'èœå•ç®¡ç†', 1, 'com.ruoyi.project.system.controller.SysMenuController.add()', 'POST', 1, 'admin', NULL,
        '/system/menu', '127.0.0.1', 'å†…ç½‘IP',
        '{\"visible\":\"0\",\"icon\":\"clipboard\",\"orderNum\":\"30\",\"menuName\":\"ç”¨æˆ·æ¶ˆæ¯\",\"params\":{},\"parentId\":4,\"path\":\"wxmsg\",\"component\":\"wxmp/wxmsg/index\",\"createBy\":\"admin\",\"children\":[],\"isFrame\":\"1\",\"menuType\":\"C\",\"perms\":\"wxmp:wxmsg:index\"}',
        '{\"msg\":\"æ“ä½œæˆåŠŸ\",\"code\":200}', 0, NULL, '2020-03-04 10:15:47'),
       (110, 'èœå•ç®¡ç†', 1, 'com.ruoyi.project.system.controller.SysMenuController.add()', 'POST', 1, 'admin', NULL,
        '/system/menu', '127.0.0.1', 'å†…ç½‘IP',
        '{\"visible\":\"0\",\"icon\":\"example\",\"orderNum\":\"40\",\"menuName\":\"ç´ æç®¡ç†\",\"params\":{},\"parentId\":4,\"path\":\"wxmaterial\",\"component\":\"wxmp/wxmaterial/index\",\"createBy\":\"admin\",\"children\":[],\"isFrame\":\"1\",\"menuType\":\"C\",\"perms\":\"wxmp:wxmsg:index\"}',
        '{\"msg\":\"æ“ä½œæˆåŠŸ\",\"code\":200}', 0, NULL, '2020-03-04 10:17:21'),
       (111, 'èœå•ç®¡ç†', 1, 'com.ruoyi.project.system.controller.SysMenuController.add()', 'POST', 1, 'admin', NULL,
        '/system/menu', '127.0.0.1', 'å†…ç½‘IP',
        '{\"visible\":\"0\",\"orderNum\":\"50\",\"menuName\":\"è‡ªå®šä¹‰èœå•\",\"params\":{},\"parentId\":4,\"path\":\"wxmenu\",\"component\":\"wxmp/wxmenu/detail\",\"createBy\":\"admin\",\"children\":[],\"isFrame\":\"1\",\"menuType\":\"C\",\"perms\":\"wxmp:wxmenu:get\"}',
        '{\"msg\":\"æ“ä½œæˆåŠŸ\",\"code\":200}', 0, NULL, '2020-03-04 10:18:02'),
       (112, 'èœå•ç®¡ç†', 1, 'com.ruoyi.project.system.controller.SysMenuController.add()', 'POST', 1, 'admin', NULL,
        '/system/menu', '127.0.0.1', 'å†…ç½‘IP',
        '{\"visible\":\"0\",\"icon\":\"dashboard\",\"orderNum\":\"60\",\"menuName\":\"æ¶ˆæ¯è‡ªåŠ¨å›å¤\",\"params\":{},\"parentId\":4,\"path\":\"wxautoreply\",\"component\":\"wxmp/wxautoreply/index\",\"createBy\":\"admin\",\"children\":[],\"isFrame\":\"1\",\"menuType\":\"C\",\"perms\":\"wxmp:wxautoreply:index\"}',
        '{\"msg\":\"æ“ä½œæˆåŠŸ\",\"code\":200}', 0, NULL, '2020-03-04 10:18:53'),
       (113, 'èœå•ç®¡ç†', 1, 'com.ruoyi.project.system.controller.SysMenuController.add()', 'POST', 1, 'admin', NULL,
        '/system/menu', '127.0.0.1', 'å†…ç½‘IP',
        '{\"visible\":\"0\",\"icon\":\"druid\",\"orderNum\":\"70\",\"menuName\":\"æ•°æ®ç»Ÿè®¡\",\"params\":{},\"parentId\":4,\"path\":\"wxsummary\",\"component\":\"wxmp/wxsummary/index\",\"createBy\":\"admin\",\"children\":[],\"isFrame\":\"1\",\"menuType\":\"C\"}',
        '{\"msg\":\"æ“ä½œæˆåŠŸ\",\"code\":200}', 0, NULL, '2020-03-04 10:19:53'),
       (114, 'èœå•ç®¡ç†', 2, 'com.ruoyi.project.system.controller.SysMenuController.edit()', 'PUT', 1, 'admin', NULL,
        '/system/menu', '127.0.0.1', 'å†…ç½‘IP',
        '{\"visible\":\"0\",\"icon\":\"cascader\",\"orderNum\":\"50\",\"menuName\":\"è‡ªå®šä¹‰èœå•\",\"params\":{},\"parentId\":4,\"path\":\"wxmenu\",\"component\":\"wxmp/wxmenu/detail\",\"children\":[],\"createTime\":1583288282000,\"updateBy\":\"admin\",\"isFrame\":\"1\",\"menuId\":2005,\"menuType\":\"C\",\"perms\":\"wxmp:wxmenu:get\"}',
        '{\"msg\":\"æ“ä½œæˆåŠŸ\",\"code\":200}', 0, NULL, '2020-03-04 10:29:20'),
       (115, 'å­—å…¸ç±»å‹', 1, 'com.ruoyi.project.system.controller.SysDictTypeController.add()', 'POST', 1, 'admin', NULL,
        '/system/dict/type', '127.0.0.1', 'å†…ç½‘IP',
        '{\"params\":{},\"dictType\":\"wx_rep_type\",\"createBy\":\"admin\",\"dictName\":\"å¾®ä¿¡å›å¤æ¶ˆæ¯ç±»å‹\",\"status\":\"0\"}',
        '{\"msg\":\"æ“ä½œæˆåŠŸ\",\"code\":200}', 0, NULL, '2020-03-04 11:52:26'),
       (116, 'å­—å…¸æ•°æ®', 1, 'com.ruoyi.project.system.controller.SysDictDataController.add()', 'POST', 1, 'admin', NULL,
        '/system/dict/data', '127.0.0.1', 'å†…ç½‘IP',
        '{\"dictValue\":\"text\",\"dictSort\":0,\"params\":{},\"dictType\":\"wx_rep_type\",\"dictLabel\":\"æ–‡æœ¬\",\"createBy\":\"admin\",\"default\":false,\"status\":\"0\"}',
        '{\"msg\":\"æ“ä½œæˆåŠŸ\",\"code\":200}', 0, NULL, '2020-03-04 11:53:07'),
       (117, 'å­—å…¸æ•°æ®', 1, 'com.ruoyi.project.system.controller.SysDictDataController.add()', 'POST', 1, 'admin', NULL,
        '/system/dict/data', '127.0.0.1', 'å†…ç½‘IP',
        '{\"dictValue\":\"image\",\"dictSort\":0,\"params\":{},\"dictType\":\"wx_rep_type\",\"dictLabel\":\"å›¾ç‰‡\",\"createBy\":\"admin\",\"default\":false,\"status\":\"0\"}',
        '{\"msg\":\"æ“ä½œæˆåŠŸ\",\"code\":200}', 0, NULL, '2020-03-04 11:53:18'),
       (118, 'å­—å…¸æ•°æ®', 1, 'com.ruoyi.project.system.controller.SysDictDataController.add()', 'POST', 1, 'admin', NULL,
        '/system/dict/data', '127.0.0.1', 'å†…ç½‘IP',
        '{\"dictValue\":\"voice\",\"dictSort\":0,\"params\":{},\"dictType\":\"wx_rep_type\",\"dictLabel\":\"è¯­éŸ³\",\"createBy\":\"admin\",\"default\":false,\"status\":\"0\"}',
        '{\"msg\":\"æ“ä½œæˆåŠŸ\",\"code\":200}', 0, NULL, '2020-03-04 11:53:28'),
       (119, 'å­—å…¸æ•°æ®', 1, 'com.ruoyi.project.system.controller.SysDictDataController.add()', 'POST', 1, 'admin', NULL,
        '/system/dict/data', '127.0.0.1', 'å†…ç½‘IP',
        '{\"dictValue\":\"video\",\"dictSort\":0,\"params\":{},\"dictType\":\"wx_rep_type\",\"dictLabel\":\"è§†é¢‘\",\"createBy\":\"admin\",\"default\":false,\"status\":\"0\"}',
        '{\"msg\":\"æ“ä½œæˆåŠŸ\",\"code\":200}', 0, NULL, '2020-03-04 11:53:39'),
       (120, 'å­—å…¸æ•°æ®', 1, 'com.ruoyi.project.system.controller.SysDictDataController.add()', 'POST', 1, 'admin', NULL,
        '/system/dict/data', '127.0.0.1', 'å†…ç½‘IP',
        '{\"dictValue\":\"music\",\"dictSort\":0,\"params\":{},\"dictType\":\"wx_rep_type\",\"dictLabel\":\"éŸ³ä¹\",\"createBy\":\"admin\",\"default\":false,\"status\":\"0\"}',
        '{\"msg\":\"æ“ä½œæˆåŠŸ\",\"code\":200}', 0, NULL, '2020-03-04 11:53:48'),
       (121, 'å­—å…¸æ•°æ®', 1, 'com.ruoyi.project.system.controller.SysDictDataController.add()', 'POST', 1, 'admin', NULL,
        '/system/dict/data', '127.0.0.1', 'å†…ç½‘IP',
        '{\"dictValue\":\"news\",\"dictSort\":0,\"params\":{},\"dictType\":\"wx_rep_type\",\"dictLabel\":\"å›¾æ–‡\",\"createBy\":\"admin\",\"default\":false,\"status\":\"0\"}',
        '{\"msg\":\"æ“ä½œæˆåŠŸ\",\"code\":200}', 0, NULL, '2020-03-04 11:54:00'),
       (122, 'å­—å…¸ç±»å‹', 1, 'com.ruoyi.project.system.controller.SysDictTypeController.add()', 'POST', 1, 'admin', NULL,
        '/system/dict/type', '127.0.0.1', 'å†…ç½‘IP',
        '{\"params\":{},\"dictType\":\"wx_subscribe\",\"createBy\":\"admin\",\"dictName\":\"å¾®ä¿¡ç”¨æˆ·å…³æ³¨çŠ¶æ€\",\"status\":\"0\"}',
        '{\"msg\":\"æ“ä½œæˆåŠŸ\",\"code\":200}', 0, NULL, '2020-03-04 11:55:34'),
       (123, 'å­—å…¸æ•°æ®', 1, 'com.ruoyi.project.system.controller.SysDictDataController.add()', 'POST', 1, 'admin', NULL,
        '/system/dict/data', '127.0.0.1', 'å†…ç½‘IP',
        '{\"dictValue\":\"1\",\"dictSort\":0,\"params\":{},\"dictType\":\"wx_subscribe\",\"dictLabel\":\"å·²å…³æ³¨\",\"createBy\":\"admin\",\"default\":false,\"status\":\"0\"}',
        '{\"msg\":\"æ“ä½œæˆåŠŸ\",\"code\":200}', 0, NULL, '2020-03-04 11:55:55'),
       (124, 'å­—å…¸æ•°æ®', 1, 'com.ruoyi.project.system.controller.SysDictDataController.add()', 'POST', 1, 'admin', NULL,
        '/system/dict/data', '127.0.0.1', 'å†…ç½‘IP',
        '{\"dictValue\":\"0\",\"dictSort\":0,\"params\":{},\"dictType\":\"wx_subscribe\",\"dictLabel\":\"å–æ¶ˆå…³æ³¨\",\"createBy\":\"admin\",\"default\":false,\"status\":\"0\"}',
        '{\"msg\":\"æ“ä½œæˆåŠŸ\",\"code\":200}', 0, NULL, '2020-03-04 11:56:04'),
       (125, 'å­—å…¸æ•°æ®', 1, 'com.ruoyi.project.system.controller.SysDictDataController.add()', 'POST', 1, 'admin', NULL,
        '/system/dict/data', '127.0.0.1', 'å†…ç½‘IP',
        '{\"dictValue\":\"2\",\"dictSort\":0,\"params\":{},\"dictType\":\"wx_subscribe\",\"dictLabel\":\"ç½‘é¡µæˆæƒç”¨æˆ·\",\"createBy\":\"admin\",\"default\":false,\"status\":\"0\"}',
        '{\"msg\":\"æ“ä½œæˆåŠŸ\",\"code\":200}', 0, NULL, '2020-03-04 11:56:11'),
       (126, 'å­—å…¸ç±»å‹', 3, 'com.ruoyi.project.system.controller.SysDictTypeController.remove()', 'DELETE', 1, 'admin',
        NULL, '/system/dict/type/101', '127.0.0.1', 'å†…ç½‘IP', '{dictIds=101}', '{\"msg\":\"æ“ä½œæˆåŠŸ\",\"code\":200}', 0, NULL,
        '2020-03-04 12:12:58'),
       (127, 'è§’è‰²ç®¡ç†', 1, 'com.ruoyi.project.system.controller.SysRoleController.add()', 'POST', 1, 'admin', NULL,
        '/system/role', '127.0.0.1', 'å†…ç½‘IP',
        '{\"flag\":false,\"roleId\":100,\"admin\":false,\"params\":{},\"roleSort\":\"0\",\"createBy\":\"admin\",\"roleKey\":\"test\",\"roleName\":\"test\",\"deptIds\":[],\"menuIds\":[1,100,1001,1002,1003,1004,1005,1006,1007,101,1008,1009,1010,1011,1012,102,1013,1014,1015,1016,103,1017,1018,1019,1020,104,1021,1022,1023,1024,1025,105,1026,1027,1028,1029,1030,106,1031,1032,1033,1034,1035,107,1036,1037,1038,1039,108,500,1040,1041,1042,501,1043,1044,1045,4,2000,2001,2002,2003,2004,2005,2006,2007],\"status\":\"0\"}',
        '{\"msg\":\"æ“ä½œæˆåŠŸ\",\"code\":200}', 0, NULL, '2020-03-04 17:01:56'),
       (128, 'ç”¨æˆ·ç®¡ç†', 1, 'com.ruoyi.project.system.controller.SysUserController.add()', 'POST', 1, 'admin', NULL,
        '/system/user', '127.0.0.1', 'å†…ç½‘IP',
        '{\"phonenumber\":\"18608549631\",\"admin\":false,\"password\":\"$2a$10$3jxuUvQAmkIuwtvYgXjNEOouJX89iv0lDZxWE2y.i9Ij0cIdB91Y6\",\"postIds\":[],\"email\":\"1023536325@qq.com\",\"nickName\":\"test\",\"sex\":\"0\",\"deptId\":100,\"params\":{},\"userName\":\"test\",\"userId\":100,\"createBy\":\"admin\",\"roleIds\":[],\"status\":\"0\"}',
        '{\"msg\":\"æ“ä½œæˆåŠŸ\",\"code\":200}', 0, NULL, '2020-03-04 17:02:29'),
       (129, 'ç”¨æˆ·ç®¡ç†', 2, 'com.ruoyi.project.system.controller.SysUserController.edit()', 'PUT', 1, 'admin', NULL,
        '/system/user', '127.0.0.1', 'å†…ç½‘IP',
        '{\"roles\":[],\"phonenumber\":\"18608549631\",\"admin\":false,\"delFlag\":\"0\",\"password\":\"\",\"updateBy\":\"admin\",\"postIds\":[],\"loginIp\":\"\",\"email\":\"1023536325@qq.com\",\"nickName\":\"test\",\"sex\":\"0\",\"deptId\":100,\"avatar\":\"\",\"dept\":{\"deptName\":\"è‹¥ä¾ç§‘æŠ€\",\"leader\":\"è‹¥ä¾\",\"deptId\":100,\"orderNum\":\"0\",\"params\":{},\"parentId\":0,\"children\":[],\"status\":\"0\"},\"params\":{},\"userName\":\"test\",\"userId\":100,\"createBy\":\"admin\",\"roleIds\":[100],\"createTime\":1583312549000,\"status\":\"0\"}',
        '{\"msg\":\"æ“ä½œæˆåŠŸ\",\"code\":200}', 0, NULL, '2020-03-04 17:03:28'),
       (130, 'èœå•ç®¡ç†', 1, 'com.ruoyi.project.system.controller.SysMenuController.add()', 'POST', 1, 'admin', NULL,
        '/system/menu', '127.0.0.1', 'å†…ç½‘IP',
        '{\"visible\":\"0\",\"orderNum\":\"0\",\"menuName\":\"ç”¨æˆ·æ ‡ç­¾åˆ é™¤\",\"params\":{},\"parentId\":2000,\"createBy\":\"admin\",\"children\":[],\"isFrame\":\"1\",\"menuType\":\"F\",\"perms\":\"wxmp:wxusertags:del\"}',
        '{\"msg\":\"æ“ä½œæˆåŠŸ\",\"code\":200}', 0, NULL, '2020-03-04 17:08:10'),
       (131, 'èœå•ç®¡ç†', 1, 'com.ruoyi.project.system.controller.SysMenuController.add()', 'POST', 1, 'admin', NULL,
        '/system/menu', '127.0.0.1', 'å†…ç½‘IP',
        '{\"visible\":\"0\",\"orderNum\":\"0\",\"menuName\":\"ç”¨æˆ·æ ‡ç­¾æ–°å¢\",\"params\":{},\"parentId\":2000,\"createBy\":\"admin\",\"children\":[],\"isFrame\":\"1\",\"menuType\":\"F\",\"perms\":\"wxmp:wxusertags:add\"}',
        '{\"msg\":\"æ“ä½œæˆåŠŸ\",\"code\":200}', 0, NULL, '2020-03-04 17:08:42'),
       (132, 'èœå•ç®¡ç†', 1, 'com.ruoyi.project.system.controller.SysMenuController.add()', 'POST', 1, 'admin', NULL,
        '/system/menu', '127.0.0.1', 'å†…ç½‘IP',
        '{\"visible\":\"0\",\"orderNum\":\"0\",\"menuName\":\"å…¬ä¼—å·ç”¨æˆ·æ–°å¢\",\"params\":{},\"parentId\":2002,\"createBy\":\"admin\",\"children\":[],\"isFrame\":\"1\",\"menuType\":\"F\",\"perms\":\"wxmp_wxuser_add\"}',
        '{\"msg\":\"æ“ä½œæˆåŠŸ\",\"code\":200}', 0, NULL, '2020-03-04 17:15:01'),
       (133, 'èœå•ç®¡ç†', 1, 'com.ruoyi.project.system.controller.SysMenuController.add()', 'POST', 1, 'admin', NULL,
        '/system/menu', '127.0.0.1', 'å†…ç½‘IP',
        '{\"visible\":\"0\",\"orderNum\":\"0\",\"menuName\":\"å…¬ä¼—å·ç”¨æˆ·ä¿®æ”¹\",\"params\":{},\"parentId\":2002,\"createBy\":\"admin\",\"children\":[],\"isFrame\":\"1\",\"menuType\":\"F\",\"perms\":\"wxmp_wxuser_edit\"}',
        '{\"msg\":\"æ“ä½œæˆåŠŸ\",\"code\":200}', 0, NULL, '2020-03-04 17:16:17'),
       (134, 'èœå•ç®¡ç†', 1, 'com.ruoyi.project.system.controller.SysMenuController.add()', 'POST', 1, 'admin', NULL,
        '/system/menu', '127.0.0.1', 'å†…ç½‘IP',
        '{\"visible\":\"0\",\"orderNum\":\"0\",\"menuName\":\"å…¬ä¼—å·ç”¨æˆ·æ‰“æ ‡ç­¾\",\"params\":{},\"parentId\":2002,\"createBy\":\"admin\",\"children\":[],\"isFrame\":\"1\",\"menuType\":\"F\",\"perms\":\"wxmp:wxuser:tagging\"}',
        '{\"msg\":\"æ“ä½œæˆåŠŸ\",\"code\":200}', 0, NULL, '2020-03-04 17:16:41'),
       (135, 'èœå•ç®¡ç†', 2, 'com.ruoyi.project.system.controller.SysMenuController.edit()', 'PUT', 1, 'admin', NULL,
        '/system/menu', '127.0.0.1', 'å†…ç½‘IP',
        '{\"visible\":\"0\",\"icon\":\"#\",\"orderNum\":\"0\",\"menuName\":\"å…¬ä¼—å·ç”¨æˆ·æ–°å¢\",\"params\":{},\"parentId\":2002,\"path\":\"\",\"children\":[],\"createTime\":1583313301000,\"updateBy\":\"admin\",\"isFrame\":\"1\",\"menuId\":2010,\"menuType\":\"F\",\"perms\":\"wxmp:wxuser:add\"}',
        '{\"msg\":\"æ“ä½œæˆåŠŸ\",\"code\":200}', 0, NULL, '2020-03-04 17:16:59'),
       (136, 'èœå•ç®¡ç†', 2, 'com.ruoyi.project.system.controller.SysMenuController.edit()', 'PUT', 1, 'admin', NULL,
        '/system/menu', '127.0.0.1', 'å†…ç½‘IP',
        '{\"visible\":\"0\",\"icon\":\"#\",\"orderNum\":\"0\",\"menuName\":\"å…¬ä¼—å·ç”¨æˆ·ä¿®æ”¹\",\"params\":{},\"parentId\":2002,\"path\":\"\",\"children\":[],\"createTime\":1583313377000,\"updateBy\":\"admin\",\"isFrame\":\"1\",\"menuId\":2011,\"menuType\":\"F\",\"perms\":\"wxmp:wxuser:edit\"}',
        '{\"msg\":\"æ“ä½œæˆåŠŸ\",\"code\":200}', 0, NULL, '2020-03-04 17:17:09'),
       (137, 'èœå•ç®¡ç†', 1, 'com.ruoyi.project.system.controller.SysMenuController.add()', 'POST', 1, 'admin', NULL,
        '/system/menu', '127.0.0.1', 'å†…ç½‘IP',
        '{\"visible\":\"0\",\"orderNum\":\"0\",\"menuName\":\"å…¬ä¼—å·ç”¨æˆ·å¤‡æ³¨ä¿®æ”¹\",\"params\":{},\"parentId\":2002,\"createBy\":\"admin\",\"children\":[],\"isFrame\":\"1\",\"menuType\":\"F\",\"perms\":\"wxmp:wxuser:edit:remark\"}',
        '{\"msg\":\"æ“ä½œæˆåŠŸ\",\"code\":200}', 0, NULL, '2020-03-04 17:17:43'),
       (138, 'èœå•ç®¡ç†', 1, 'com.ruoyi.project.system.controller.SysMenuController.add()', 'POST', 1, 'admin', NULL,
        '/system/menu', '127.0.0.1', 'å†…ç½‘IP',
        '{\"visible\":\"0\",\"orderNum\":\"0\",\"menuName\":\"å…¬ä¼—å·ç”¨æˆ·åŒæ­¥\",\"params\":{},\"parentId\":2002,\"createBy\":\"admin\",\"children\":[],\"isFrame\":\"1\",\"menuType\":\"F\",\"perms\":\"wxmp:wxuser:synchro\"}',
        '{\"msg\":\"æ“ä½œæˆåŠŸ\",\"code\":200}', 0, NULL, '2020-03-04 17:18:09'),
       (139, 'èœå•ç®¡ç†', 1, 'com.ruoyi.project.system.controller.SysMenuController.add()', 'POST', 1, 'admin', NULL,
        '/system/menu', '127.0.0.1', 'å†…ç½‘IP',
        '{\"visible\":\"0\",\"orderNum\":\"0\",\"menuName\":\"å…¬ä¼—å·ç”¨æˆ·åˆ é™¤\",\"params\":{},\"parentId\":2002,\"createBy\":\"admin\",\"children\":[],\"isFrame\":\"1\",\"menuType\":\"F\",\"perms\":\"wxmp:wxuser:del\"}',
        '{\"msg\":\"æ“ä½œæˆåŠŸ\",\"code\":200}', 0, NULL, '2020-03-04 17:18:31'),
       (140, 'èœå•ç®¡ç†', 1, 'com.ruoyi.project.system.controller.SysMenuController.add()', 'POST', 1, 'admin', NULL,
        '/system/menu', '127.0.0.1', 'å†…ç½‘IP',
        '{\"visible\":\"0\",\"orderNum\":\"0\",\"menuName\":\"å…¬ä¼—å·ç”¨æˆ·è¯¦æƒ…\",\"params\":{},\"parentId\":2002,\"createBy\":\"admin\",\"children\":[],\"isFrame\":\"1\",\"menuType\":\"F\",\"perms\":\"wxmp:wxuser:get\"}',
        '{\"msg\":\"æ“ä½œæˆåŠŸ\",\"code\":200}', 0, NULL, '2020-03-04 17:18:55'),
       (141, 'èœå•ç®¡ç†', 1, 'com.ruoyi.project.system.controller.SysMenuController.add()', 'POST', 1, 'admin', NULL,
        '/system/menu', '127.0.0.1', 'å†…ç½‘IP',
        '{\"visible\":\"0\",\"orderNum\":\"0\",\"menuName\":\"ç”¨æˆ·æ¶ˆæ¯æ–°å¢\",\"params\":{},\"parentId\":2003,\"createBy\":\"admin\",\"children\":[],\"isFrame\":\"1\",\"menuType\":\"F\",\"perms\":\"wxmp:wxmsg:add\"}',
        '{\"msg\":\"æ“ä½œæˆåŠŸ\",\"code\":200}', 0, NULL, '2020-03-04 17:19:24'),
       (142, 'èœå•ç®¡ç†', 1, 'com.ruoyi.project.system.controller.SysMenuController.add()', 'POST', 1, 'admin', NULL,
        '/system/menu', '127.0.0.1', 'å†…ç½‘IP',
        '{\"visible\":\"0\",\"orderNum\":\"0\",\"menuName\":\"ç”¨æˆ·æ¶ˆæ¯ä¿®æ”¹\",\"params\":{},\"parentId\":2003,\"createBy\":\"admin\",\"children\":[],\"isFrame\":\"1\",\"menuType\":\"F\",\"perms\":\"wxmp:wxmsg:edit\"}',
        '{\"msg\":\"æ“ä½œæˆåŠŸ\",\"code\":200}', 0, NULL, '2020-03-04 17:19:45'),
       (143, 'èœå•ç®¡ç†', 1, 'com.ruoyi.project.system.controller.SysMenuController.add()', 'POST', 1, 'admin', NULL,
        '/system/menu', '127.0.0.1', 'å†…ç½‘IP',
        '{\"visible\":\"0\",\"orderNum\":\"0\",\"menuName\":\"ç”¨æˆ·æ¶ˆæ¯åˆ é™¤\",\"params\":{},\"parentId\":2003,\"createBy\":\"admin\",\"children\":[],\"isFrame\":\"1\",\"menuType\":\"F\",\"perms\":\"wxmp:wxmsg:del\"}',
        '{\"msg\":\"æ“ä½œæˆåŠŸ\",\"code\":200}', 0, NULL, '2020-03-04 17:20:03'),
       (144, 'èœå•ç®¡ç†', 1, 'com.ruoyi.project.system.controller.SysMenuController.add()', 'POST', 1, 'admin', NULL,
        '/system/menu', '127.0.0.1', 'å†…ç½‘IP',
        '{\"visible\":\"0\",\"orderNum\":\"0\",\"menuName\":\"ç”¨æˆ·æ¶ˆæ¯è¯¦æƒ…\",\"params\":{},\"parentId\":2003,\"createBy\":\"admin\",\"children\":[],\"isFrame\":\"1\",\"menuType\":\"F\",\"perms\":\"wxmp:wxmsg:get\"}',
        '{\"msg\":\"æ“ä½œæˆåŠŸ\",\"code\":200}', 0, NULL, '2020-03-04 17:20:21'),
       (145, 'èœå•ç®¡ç†', 1, 'com.ruoyi.project.system.controller.SysMenuController.add()', 'POST', 1, 'admin', NULL,
        '/system/menu', '127.0.0.1', 'å†…ç½‘IP',
        '{\"visible\":\"0\",\"orderNum\":\"0\",\"menuName\":\"ç´ ææ–°å¢\",\"params\":{},\"parentId\":2004,\"createBy\":\"admin\",\"children\":[],\"isFrame\":\"1\",\"menuType\":\"F\",\"perms\":\"wxmp:wxmaterial:add\"}',
        '{\"msg\":\"æ“ä½œæˆåŠŸ\",\"code\":200}', 0, NULL, '2020-03-04 17:20:43'),
       (146, 'èœå•ç®¡ç†', 1, 'com.ruoyi.project.system.controller.SysMenuController.add()', 'POST', 1, 'admin', NULL,
        '/system/menu', '127.0.0.1', 'å†…ç½‘IP',
        '{\"visible\":\"0\",\"orderNum\":\"0\",\"menuName\":\"ç´ æä¿®æ”¹\",\"params\":{},\"parentId\":2004,\"createBy\":\"admin\",\"children\":[],\"isFrame\":\"1\",\"menuType\":\"F\",\"perms\":\"wxmp:wxmaterial:edit\"}',
        '{\"msg\":\"æ“ä½œæˆåŠŸ\",\"code\":200}', 0, NULL, '2020-03-04 17:21:03'),
       (147, 'èœå•ç®¡ç†', 1, 'com.ruoyi.project.system.controller.SysMenuController.add()', 'POST', 1, 'admin', NULL,
        '/system/menu', '127.0.0.1', 'å†…ç½‘IP',
        '{\"visible\":\"0\",\"orderNum\":\"0\",\"menuName\":\"ç´ æåˆ é™¤\",\"params\":{},\"parentId\":2004,\"createBy\":\"admin\",\"children\":[],\"isFrame\":\"1\",\"menuType\":\"F\",\"perms\":\"wxmp:wxmaterial:del\"}',
        '{\"msg\":\"æ“ä½œæˆåŠŸ\",\"code\":200}', 0, NULL, '2020-03-04 17:21:24'),
       (148, 'èœå•ç®¡ç†', 1, 'com.ruoyi.project.system.controller.SysMenuController.add()', 'POST', 1, 'admin', NULL,
        '/system/menu', '127.0.0.1', 'å†…ç½‘IP',
        '{\"visible\":\"0\",\"orderNum\":\"0\",\"menuName\":\"ç´ æè¯¦æƒ…\",\"params\":{},\"parentId\":2004,\"createBy\":\"admin\",\"children\":[],\"isFrame\":\"1\",\"menuType\":\"F\",\"perms\":\"wxmp:wxmaterial:get\"}',
        '{\"msg\":\"æ“ä½œæˆåŠŸ\",\"code\":200}', 0, NULL, '2020-03-04 17:21:43'),
       (149, 'èœå•ç®¡ç†', 1, 'com.ruoyi.project.system.controller.SysMenuController.add()', 'POST', 1, 'admin', NULL,
        '/system/menu', '127.0.0.1', 'å†…ç½‘IP',
        '{\"visible\":\"0\",\"orderNum\":\"0\",\"menuName\":\"è‡ªå®šä¹‰èœå•å‘å¸ƒ\",\"params\":{},\"parentId\":2005,\"createBy\":\"admin\",\"children\":[],\"isFrame\":\"1\",\"menuType\":\"F\",\"perms\":\"wxmp:wxmenu:add\"}',
        '{\"msg\":\"æ“ä½œæˆåŠŸ\",\"code\":200}', 0, NULL, '2020-03-04 17:22:12'),
       (150, 'èœå•ç®¡ç†', 1, 'com.ruoyi.project.system.controller.SysMenuController.add()', 'POST', 1, 'admin', NULL,
        '/system/menu', '127.0.0.1', 'å†…ç½‘IP',
        '{\"visible\":\"0\",\"orderNum\":\"0\",\"menuName\":\"æ¶ˆæ¯è‡ªåŠ¨å›å¤æ–°å¢\",\"params\":{},\"parentId\":2006,\"createBy\":\"admin\",\"children\":[],\"isFrame\":\"1\",\"menuType\":\"F\",\"perms\":\"wxmp:wxautoreply:add\"}',
        '{\"msg\":\"æ“ä½œæˆåŠŸ\",\"code\":200}', 0, NULL, '2020-03-04 17:22:43'),
       (151, 'èœå•ç®¡ç†', 1, 'com.ruoyi.project.system.controller.SysMenuController.add()', 'POST', 1, 'admin', NULL,
        '/system/menu', '127.0.0.1', 'å†…ç½‘IP',
        '{\"visible\":\"0\",\"orderNum\":\"0\",\"menuName\":\"æ¶ˆæ¯è‡ªåŠ¨å›å¤ä¿®æ”¹\",\"params\":{},\"parentId\":2006,\"createBy\":\"admin\",\"children\":[],\"isFrame\":\"1\",\"menuType\":\"F\",\"perms\":\"wxmp:wxautoreply:edit\"}',
        '{\"msg\":\"æ“ä½œæˆåŠŸ\",\"code\":200}', 0, NULL, '2020-03-04 17:23:05'),
       (152, 'èœå•ç®¡ç†', 1, 'com.ruoyi.project.system.controller.SysMenuController.add()', 'POST', 1, 'admin', NULL,
        '/system/menu', '127.0.0.1', 'å†…ç½‘IP',
        '{\"visible\":\"0\",\"orderNum\":\"0\",\"menuName\":\"æ¶ˆæ¯è‡ªåŠ¨å›å¤åˆ é™¤\",\"params\":{},\"parentId\":2006,\"createBy\":\"admin\",\"children\":[],\"isFrame\":\"1\",\"menuType\":\"F\",\"perms\":\"wxmp:wxautoreply:del\"}',
        '{\"msg\":\"æ“ä½œæˆåŠŸ\",\"code\":200}', 0, NULL, '2020-03-04 17:23:36'),
       (153, 'èœå•ç®¡ç†', 1, 'com.ruoyi.project.system.controller.SysMenuController.add()', 'POST', 1, 'admin', NULL,
        '/system/menu', '127.0.0.1', 'å†…ç½‘IP',
        '{\"visible\":\"0\",\"orderNum\":\"0\",\"menuName\":\"æ¶ˆæ¯è‡ªåŠ¨å›å¤è¯¦æƒ…\",\"params\":{},\"parentId\":2006,\"createBy\":\"admin\",\"children\":[],\"isFrame\":\"1\",\"menuType\":\"F\",\"perms\":\"wxmp:wxautoreply:get\"}',
        '{\"msg\":\"æ“ä½œæˆåŠŸ\",\"code\":200}', 0, NULL, '2020-03-04 17:23:59'),
       (154, 'èœå•ç®¡ç†', 2, 'com.ruoyi.project.system.controller.SysMenuController.edit()', 'PUT', 1, 'admin', NULL,
        '/system/menu', '127.0.0.1', 'å†…ç½‘IP',
        '{\"visible\":\"0\",\"icon\":\"wechat\",\"orderNum\":\"0\",\"menuName\":\"å…¬ä¼—å·ç®¡ç†\",\"params\":{},\"parentId\":0,\"path\":\"wxmp\",\"children\":[],\"createTime\":1521171180000,\"updateBy\":\"admin\",\"isFrame\":\"1\",\"menuId\":4,\"menuType\":\"M\",\"perms\":\"\"}',
        '{\"msg\":\"æ“ä½œæˆåŠŸ\",\"code\":200}', 0, NULL, '2020-03-05 14:59:21'),
       (155, 'è§’è‰²ç®¡ç†', 2, 'com.ruoyi.project.system.controller.SysRoleController.edit()', 'PUT', 1, 'admin', NULL,
        '/system/role', '127.0.0.1', 'å†…ç½‘IP',
        '{\"flag\":false,\"roleId\":100,\"admin\":false,\"dataScope\":\"1\",\"delFlag\":\"0\",\"params\":{},\"roleSort\":\"0\",\"createTime\":1583312516000,\"updateBy\":\"admin\",\"roleKey\":\"test\",\"roleName\":\"test\",\"menuIds\":[2001,2002,2010,2011,2012,2013,2014,2015,2016,2003,2017,2018,2019,2020,2004,2021,2022,2023,2024,2005,2025,2006,2026,2027,2028,2029,2007,1,100,1001,1002,1003,1004,1005,1006,1007,101,1008,1009,1010,1011,1012,102,1013,1014,1015,1016,103,1017,1018,1019,1020,104,1021,1022,1023,1024,1025,105,1026,1027,1028,1029,1030,106,1031,1032,1033,1034,1035,107,1036,1037,1038,1039,108,500,1040,1041,1042,501,1043,1044,1045,4,2000],\"status\":\"0\"}',
        '{\"msg\":\"æ“ä½œæˆåŠŸ\",\"code\":200}', 0, NULL, '2020-03-05 20:09:40'),
       (156, 'è§’è‰²ç®¡ç†', 2, 'com.ruoyi.project.system.controller.SysRoleController.edit()', 'PUT', 1, 'admin', NULL,
        '/system/role', '127.0.0.1', 'å†…ç½‘IP',
        '{\"flag\":false,\"roleId\":100,\"admin\":false,\"dataScope\":\"1\",\"delFlag\":\"0\",\"params\":{},\"roleSort\":\"0\",\"createTime\":1583312516000,\"updateBy\":\"admin\",\"roleKey\":\"test\",\"roleName\":\"test\",\"menuIds\":[4,2000,2008,2009,2001,2002,2010,2011,2012,2013,2014,2015,2016,2003,2017,2018,2019,2020,2004,2021,2022,2023,2024,2005,2025,2006,2026,2027,2028,2029,2007,1,100,1001,1002,1003,1004,1005,1006,1007,101,1008,1009,1010,1011,1012,102,1013,1014,1015,1016,103,1017,1018,1019,1020,104,1021,1022,1023,1024,1025,105,1026,1027,1028,1029,1030,106,1031,1032,1033,1034,1035,107,1036,1037,1038,1039,108,500,1040,1041,1042,501,1043,1044,1045,2,109,1046,1047,1048,110,1049,1050,1051,1052,1053,1054,111,112,3,113,114,1055,1056,1058,1057,1059,1060,115],\"status\":\"0\"}',
        '{\"msg\":\"æ“ä½œæˆåŠŸ\",\"code\":200}', 0, NULL, '2020-03-05 20:09:59'),
       (157, 'ç”¨æˆ·ç®¡ç†', 2, 'com.ruoyi.project.system.controller.SysUserController.edit()', 'PUT', 1, 'admin', NULL,
        '/system/user', '127.0.0.1', 'å†…ç½‘IP',
        '{\"roles\":[{\"flag\":false,\"roleId\":100,\"admin\":false,\"dataScope\":\"1\",\"params\":{},\"roleSort\":\"0\",\"roleKey\":\"test\",\"roleName\":\"test\",\"status\":\"0\"}],\"phonenumber\":\"18608549631\",\"admin\":false,\"delFlag\":\"0\",\"password\":\"\",\"updateBy\":\"admin\",\"postIds\":[],\"loginIp\":\"\",\"email\":\"1023536325@qq.com\",\"nickName\":\"test\",\"sex\":\"0\",\"deptId\":100,\"avatar\":\"\",\"dept\":{\"deptName\":\"è‹¥ä¾ç§‘æŠ€\",\"leader\":\"è‹¥ä¾\",\"deptId\":100,\"orderNum\":\"0\",\"params\":{},\"parentId\":0,\"children\":[],\"status\":\"0\"},\"params\":{},\"userName\":\"test\",\"userId\":100,\"createBy\":\"admin\",\"roleIds\":[100],\"createTime\":1583312549000,\"status\":\"0\"}',
        '{\"msg\":\"æ“ä½œæˆåŠŸ\",\"code\":200}', 0, NULL, '2020-03-17 10:58:41'),
       (158, 'å®šæ—¶ä»»åŠ¡', 2, 'com.ruoyi.project.monitor.controller.SysJobController.run()', 'PUT', 1, 'test', NULL,
        '/monitor/job/run', '127.0.0.1', 'å†…ç½‘IP',
        '{\"jobGroup\":\"DEFAULT\",\"params\":{},\"jobId\":1,\"misfirePolicy\":\"0\"}',
        '{\"msg\":\"æ“ä½œæˆåŠŸ\",\"code\":200}', 0, NULL, '2020-04-25 12:01:39'),
       (159, 'å®šæ—¶ä»»åŠ¡', 2, 'com.ruoyi.project.monitor.controller.SysJobController.changeStatus()', 'PUT', 1, 'test', NULL,
        '/monitor/job/changeStatus', '127.0.0.1', 'å†…ç½‘IP',
        '{\"params\":{},\"jobId\":1,\"misfirePolicy\":\"0\",\"status\":\"0\"}', '{\"msg\":\"æ“ä½œæˆåŠŸ\",\"code\":200}', 0,
        NULL, '2020-04-25 12:01:44'),
       (160, 'å®šæ—¶ä»»åŠ¡', 2, 'com.ruoyi.project.monitor.controller.SysJobController.changeStatus()', 'PUT', 1, 'test', NULL,
        '/monitor/job/changeStatus', '127.0.0.1', 'å†…ç½‘IP',
        '{\"params\":{},\"jobId\":1,\"misfirePolicy\":\"0\",\"status\":\"1\"}', '{\"msg\":\"æ“ä½œæˆåŠŸ\",\"code\":200}', 0,
        NULL, '2020-04-25 12:01:48');

/*Table structure for table `sys_post` */

DROP TABLE IF EXISTS `sys_post`;

CREATE TABLE `sys_post`
(
    `post_id`     bigint(20)  NOT NULL AUTO_INCREMENT COMMENT 'å²—ä½ID',
    `post_code`   varchar(64) NOT NULL COMMENT 'å²—ä½ç¼–ç ',
    `post_name`   varchar(50) NOT NULL COMMENT 'å²—ä½åç§°',
    `post_sort`   int(4)      NOT NULL COMMENT 'æ˜¾ç¤ºé¡ºåº',
    `status`      char(1)     NOT NULL COMMENT 'çŠ¶æ€ï¼ˆ0æ­£å¸¸ 1åœç”¨ï¼‰',
    `create_by`   varchar(64)  DEFAULT '' COMMENT 'åˆ›å»ºè€…',
    `create_time` datetime     DEFAULT NULL COMMENT 'åˆ›å»ºæ—¶é—´',
    `update_by`   varchar(64)  DEFAULT '' COMMENT 'æ›´æ–°è€…',
    `update_time` datetime     DEFAULT NULL COMMENT 'æ›´æ–°æ—¶é—´',
    `remark`      varchar(500) DEFAULT NULL COMMENT 'å¤‡æ³¨',
    PRIMARY KEY (`post_id`)
) ENGINE = InnoDB
  AUTO_INCREMENT = 5
  DEFAULT CHARSET = utf8mb4
  COLLATE = utf8mb4_0900_ai_ci COMMENT ='å²—ä½ä¿¡æ¯è¡¨';

/*Data for the table `sys_post` */

insert into `sys_post`(`post_id`, `post_code`, `post_name`, `post_sort`, `status`, `create_by`, `create_time`,
                       `update_by`, `update_time`, `remark`)
values (1, 'ceo', 'è‘£äº‹é•¿', 1, '0', 'admin', '2018-03-16 11:33:00', 'ry', '2018-03-16 11:33:00', ''),
       (2, 'se', 'é¡¹ç›®ç»ç†', 2, '0', 'admin', '2018-03-16 11:33:00', 'ry', '2018-03-16 11:33:00', ''),
       (3, 'hr', 'äººåŠ›èµ„æº', 3, '0', 'admin', '2018-03-16 11:33:00', 'ry', '2018-03-16 11:33:00', ''),
       (4, 'user', 'æ™®é€šå‘˜å·¥', 4, '0', 'admin', '2018-03-16 11:33:00', 'ry', '2018-03-16 11:33:00', '');

/*Table structure for table `sys_role` */

DROP TABLE IF EXISTS `sys_role`;

CREATE TABLE `sys_role`
(
    `role_id`     bigint(20)   NOT NULL AUTO_INCREMENT COMMENT 'è§’è‰²ID',
    `role_name`   varchar(30)  NOT NULL COMMENT 'è§’è‰²åç§°',
    `role_key`    varchar(100) NOT NULL COMMENT 'è§’è‰²æƒé™å­—ç¬¦ä¸²',
    `role_sort`   int(4)       NOT NULL COMMENT 'æ˜¾ç¤ºé¡ºåº',
    `data_scope`  char(1)      DEFAULT '1' COMMENT 'æ•°æ®èŒƒå›´ï¼ˆ1ï¼šå…¨éƒ¨æ•°æ®æƒé™ 2ï¼šè‡ªå®šæ•°æ®æƒé™ 3ï¼šæœ¬éƒ¨é—¨æ•°æ®æƒé™ 4ï¼šæœ¬éƒ¨é—¨åŠä»¥ä¸‹æ•°æ®æƒé™ï¼‰',
    `status`      char(1)      NOT NULL COMMENT 'è§’è‰²çŠ¶æ€ï¼ˆ0æ­£å¸¸ 1åœç”¨ï¼‰',
    `del_flag`    char(1)      DEFAULT '0' COMMENT 'åˆ é™¤æ ‡å¿—ï¼ˆ0ä»£è¡¨å­˜åœ¨ 2ä»£è¡¨åˆ é™¤ï¼‰',
    `create_by`   varchar(64)  DEFAULT '' COMMENT 'åˆ›å»ºè€…',
    `create_time` datetime     DEFAULT NULL COMMENT 'åˆ›å»ºæ—¶é—´',
    `update_by`   varchar(64)  DEFAULT '' COMMENT 'æ›´æ–°è€…',
    `update_time` datetime     DEFAULT NULL COMMENT 'æ›´æ–°æ—¶é—´',
    `remark`      varchar(500) DEFAULT NULL COMMENT 'å¤‡æ³¨',
    PRIMARY KEY (`role_id`)
) ENGINE = InnoDB
  AUTO_INCREMENT = 101
  DEFAULT CHARSET = utf8mb4
  COLLATE = utf8mb4_0900_ai_ci COMMENT ='è§’è‰²ä¿¡æ¯è¡¨';

/*Data for the table `sys_role` */

insert into `sys_role`(`role_id`, `role_name`, `role_key`, `role_sort`, `data_scope`, `status`, `del_flag`, `create_by`,
                       `create_time`, `update_by`, `update_time`, `remark`)
values (1, 'ç®¡ç†å‘˜', 'admin', 1, '1', '0', '0', 'admin', '2018-03-16 11:33:00', 'ry', '2018-03-16 11:33:00', 'ç®¡ç†å‘˜'),
       (2, 'æ™®é€šè§’è‰²', 'common', 2, '2', '0', '0', 'admin', '2018-03-16 11:33:00', 'ry', '2018-03-16 11:33:00', 'æ™®é€šè§’è‰²'),
       (100, 'test', 'test', 0, '1', '0', '0', 'admin', '2020-03-04 17:01:56', 'admin', '2020-03-05 20:09:59', NULL);

/*Table structure for table `sys_role_dept` */

DROP TABLE IF EXISTS `sys_role_dept`;

CREATE TABLE `sys_role_dept`
(
    `role_id` bigint(20) NOT NULL COMMENT 'è§’è‰²ID',
    `dept_id` bigint(20) NOT NULL COMMENT 'éƒ¨é—¨ID',
    PRIMARY KEY (`role_id`, `dept_id`)
) ENGINE = InnoDB
  DEFAULT CHARSET = utf8mb4
  COLLATE = utf8mb4_0900_ai_ci COMMENT ='è§’è‰²å’Œéƒ¨é—¨å…³è”è¡¨';

/*Data for the table `sys_role_dept` */

insert into `sys_role_dept`(`role_id`, `dept_id`)
values (2, 100),
       (2, 101),
       (2, 105);

/*Table structure for table `sys_role_menu` */

DROP TABLE IF EXISTS `sys_role_menu`;

CREATE TABLE `sys_role_menu`
(
    `role_id` bigint(20) NOT NULL COMMENT 'è§’è‰²ID',
    `menu_id` bigint(20) NOT NULL COMMENT 'èœå•ID',
    PRIMARY KEY (`role_id`, `menu_id`)
) ENGINE = InnoDB
  DEFAULT CHARSET = utf8mb4
  COLLATE = utf8mb4_0900_ai_ci COMMENT ='è§’è‰²å’Œèœå•å…³è”è¡¨';

/*Data for the table `sys_role_menu` */

insert into `sys_role_menu`(`role_id`, `menu_id`)
values (2, 1),
       (2, 2),
       (2, 3),
       (2, 4),
       (2, 100),
       (2, 101),
       (2, 102),
       (2, 103),
       (2, 104),
       (2, 105),
       (2, 106),
       (2, 107),
       (2, 108),
       (2, 109),
       (2, 110),
       (2, 111),
       (2, 112),
       (2, 113),
       (2, 114),
       (2, 115),
       (2, 500),
       (2, 501),
       (2, 1000),
       (2, 1001),
       (2, 1002),
       (2, 1003),
       (2, 1004),
       (2, 1005),
       (2, 1006),
       (2, 1007),
       (2, 1008),
       (2, 1009),
       (2, 1010),
       (2, 1011),
       (2, 1012),
       (2, 1013),
       (2, 1014),
       (2, 1015),
       (2, 1016),
       (2, 1017),
       (2, 1018),
       (2, 1019),
       (2, 1020),
       (2, 1021),
       (2, 1022),
       (2, 1023),
       (2, 1024),
       (2, 1025),
       (2, 1026),
       (2, 1027),
       (2, 1028),
       (2, 1029),
       (2, 1030),
       (2, 1031),
       (2, 1032),
       (2, 1033),
       (2, 1034),
       (2, 1035),
       (2, 1036),
       (2, 1037),
       (2, 1038),
       (2, 1039),
       (2, 1040),
       (2, 1041),
       (2, 1042),
       (2, 1043),
       (2, 1044),
       (2, 1045),
       (2, 1046),
       (2, 1047),
       (2, 1048),
       (2, 1049),
       (2, 1050),
       (2, 1051),
       (2, 1052),
       (2, 1053),
       (2, 1054),
       (2, 1055),
       (2, 1056),
       (2, 1057),
       (2, 1058),
       (2, 1059),
       (2, 1060),
       (100, 1),
       (100, 2),
       (100, 3),
       (100, 4),
       (100, 100),
       (100, 101),
       (100, 102),
       (100, 103),
       (100, 104),
       (100, 105),
       (100, 106),
       (100, 107),
       (100, 108),
       (100, 109),
       (100, 110),
       (100, 111),
       (100, 112),
       (100, 113),
       (100, 114),
       (100, 115),
       (100, 500),
       (100, 501),
       (100, 1001),
       (100, 1002),
       (100, 1003),
       (100, 1004),
       (100, 1005),
       (100, 1006),
       (100, 1007),
       (100, 1008),
       (100, 1009),
       (100, 1010),
       (100, 1011),
       (100, 1012),
       (100, 1013),
       (100, 1014),
       (100, 1015),
       (100, 1016),
       (100, 1017),
       (100, 1018),
       (100, 1019),
       (100, 1020),
       (100, 1021),
       (100, 1022),
       (100, 1023),
       (100, 1024),
       (100, 1025),
       (100, 1026),
       (100, 1027),
       (100, 1028),
       (100, 1029),
       (100, 1030),
       (100, 1031),
       (100, 1032),
       (100, 1033),
       (100, 1034),
       (100, 1035),
       (100, 1036),
       (100, 1037),
       (100, 1038),
       (100, 1039),
       (100, 1040),
       (100, 1041),
       (100, 1042),
       (100, 1043),
       (100, 1044),
       (100, 1045),
       (100, 1046),
       (100, 1047),
       (100, 1048),
       (100, 1049),
       (100, 1050),
       (100, 1051),
       (100, 1052),
       (100, 1053),
       (100, 1054),
       (100, 1055),
       (100, 1056),
       (100, 1057),
       (100, 1058),
       (100, 1059),
       (100, 1060),
       (100, 2000),
       (100, 2001),
       (100, 2002),
       (100, 2003),
       (100, 2004),
       (100, 2005),
       (100, 2006),
       (100, 2007),
       (100, 2008),
       (100, 2009),
       (100, 2010),
       (100, 2011),
       (100, 2012),
       (100, 2013),
       (100, 2014),
       (100, 2015),
       (100, 2016),
       (100, 2017),
       (100, 2018),
       (100, 2019),
       (100, 2020),
       (100, 2021),
       (100, 2022),
       (100, 2023),
       (100, 2024),
       (100, 2025),
       (100, 2026),
       (100, 2027),
       (100, 2028),
       (100, 2029);

/*Table structure for table `sys_user` */

DROP TABLE IF EXISTS `sys_user`;

CREATE TABLE `sys_user`
(
    `user_id`     bigint(20)  NOT NULL AUTO_INCREMENT COMMENT 'ç”¨æˆ·ID',
    `dept_id`     bigint(20)   DEFAULT NULL COMMENT 'éƒ¨é—¨ID',
    `user_name`   varchar(30) NOT NULL COMMENT 'ç”¨æˆ·è´¦å·',
    `nick_name`   varchar(30) NOT NULL COMMENT 'ç”¨æˆ·æ˜µç§°',
    `user_type`   varchar(2)   DEFAULT '00' COMMENT 'ç”¨æˆ·ç±»å‹ï¼ˆ00ç³»ç»Ÿç”¨æˆ·ï¼‰',
    `email`       varchar(50)  DEFAULT '' COMMENT 'ç”¨æˆ·é‚®ç®±',
    `phonenumber` varchar(11)  DEFAULT '' COMMENT 'æ‰‹æœºå·ç ',
    `sex`         char(1)      DEFAULT '0' COMMENT 'ç”¨æˆ·æ€§åˆ«ï¼ˆ0ç”· 1å¥³ 2æœªçŸ¥ï¼‰',
    `avatar`      varchar(100) DEFAULT '' COMMENT 'å¤´åƒåœ°å€',
    `password`    varchar(100) DEFAULT '' COMMENT 'å¯†ç ',
    `status`      char(1)      DEFAULT '0' COMMENT 'å¸å·çŠ¶æ€ï¼ˆ0æ­£å¸¸ 1åœç”¨ï¼‰',
    `del_flag`    char(1)      DEFAULT '0' COMMENT 'åˆ é™¤æ ‡å¿—ï¼ˆ0ä»£è¡¨å­˜åœ¨ 2ä»£è¡¨åˆ é™¤ï¼‰',
    `login_ip`    varchar(50)  DEFAULT '' COMMENT 'æœ€åç™»é™†IP',
    `login_date`  datetime     DEFAULT NULL COMMENT 'æœ€åç™»é™†æ—¶é—´',
    `create_by`   varchar(64)  DEFAULT '' COMMENT 'åˆ›å»ºè€…',
    `create_time` datetime     DEFAULT NULL COMMENT 'åˆ›å»ºæ—¶é—´',
    `update_by`   varchar(64)  DEFAULT '' COMMENT 'æ›´æ–°è€…',
    `update_time` datetime     DEFAULT NULL COMMENT 'æ›´æ–°æ—¶é—´',
    `remark`      varchar(500) DEFAULT NULL COMMENT 'å¤‡æ³¨',
    PRIMARY KEY (`user_id`)
) ENGINE = InnoDB
  AUTO_INCREMENT = 101
  DEFAULT CHARSET = utf8mb4
  COLLATE = utf8mb4_0900_ai_ci COMMENT ='ç”¨æˆ·ä¿¡æ¯è¡¨';

/*Data for the table `sys_user` */

insert into `sys_user`(`user_id`, `dept_id`, `user_name`, `nick_name`, `user_type`, `email`, `phonenumber`, `sex`,
                       `avatar`, `password`, `status`, `del_flag`, `login_ip`, `login_date`, `create_by`, `create_time`,
                       `update_by`, `update_time`, `remark`)
values (1, 103, 'admin', 'è‹¥ä¾', '00', 'ry@163.com', '15888888888', '1', '',
        '$2a$10$7JB720yubVSZvUI0rEqK/.VqGOZTH.ulu33dHOiBE8ByOhJIrdAu2', '0', '0', '127.0.0.1', '2018-03-16 11:33:00',
        'admin', '2018-03-16 11:33:00', 'ry', '2018-03-16 11:33:00', 'ç®¡ç†å‘˜'),
       (2, 105, 'ry', 'è‹¥ä¾', '00', 'ry@qq.com', '15666666666', '1', '',
        '$2a$10$7JB720yubVSZvUI0rEqK/.VqGOZTH.ulu33dHOiBE8ByOhJIrdAu2', '0', '0', '127.0.0.1', '2018-03-16 11:33:00',
        'admin', '2018-03-16 11:33:00', 'ry', '2018-03-16 11:33:00', 'æµ‹è¯•å‘˜'),
       (100, 100, 'test', 'test', '00', '1023536325@qq.com', '18608549631', '0', '',
        '$2a$10$3jxuUvQAmkIuwtvYgXjNEOouJX89iv0lDZxWE2y.i9Ij0cIdB91Y6', '0', '0', '', NULL, 'admin',
        '2020-03-04 17:02:29', 'admin', '2020-03-17 10:58:41', NULL);

/*Table structure for table `sys_user_post` */

DROP TABLE IF EXISTS `sys_user_post`;

CREATE TABLE `sys_user_post`
(
    `user_id` bigint(20) NOT NULL COMMENT 'ç”¨æˆ·ID',
    `post_id` bigint(20) NOT NULL COMMENT 'å²—ä½ID',
    PRIMARY KEY (`user_id`, `post_id`)
) ENGINE = InnoDB
  DEFAULT CHARSET = utf8mb4
  COLLATE = utf8mb4_0900_ai_ci COMMENT ='ç”¨æˆ·ä¸å²—ä½å…³è”è¡¨';

/*Data for the table `sys_user_post` */

insert into `sys_user_post`(`user_id`, `post_id`)
values (1, 1),
       (2, 2);

/*Table structure for table `sys_user_role` */

DROP TABLE IF EXISTS `sys_user_role`;

CREATE TABLE `sys_user_role`
(
    `user_id` bigint(20) NOT NULL COMMENT 'ç”¨æˆ·ID',
    `role_id` bigint(20) NOT NULL COMMENT 'è§’è‰²ID',
    PRIMARY KEY (`user_id`, `role_id`)
) ENGINE = InnoDB
  DEFAULT CHARSET = utf8mb4
  COLLATE = utf8mb4_0900_ai_ci COMMENT ='ç”¨æˆ·å’Œè§’è‰²å…³è”è¡¨';

/*Data for the table `sys_user_role` */

insert into `sys_user_role`(`user_id`, `role_id`)
values (1, 1),
       (2, 2),
       (100, 100);

/*Table structure for table `wx_auto_reply` */

DROP TABLE IF EXISTS `wx_auto_reply`;

CREATE TABLE `wx_auto_reply`
(
    `id`                 varchar(32) CHARACTER SET utf8 COLLATE utf8_general_ci NOT NULL DEFAULT '' COMMENT 'ä¸»é”®',
    `create_id`          varchar(32) CHARACTER SET utf8 COLLATE utf8_general_ci          DEFAULT NULL COMMENT 'åˆ›å»ºè€…',
    `create_time`        datetime                                                        DEFAULT CURRENT_TIMESTAMP COMMENT 'åˆ›å»ºæ—¶é—´',
    `update_id`          varchar(32) CHARACTER SET utf8 COLLATE utf8_general_ci          DEFAULT NULL COMMENT 'æ›´æ–°è€…',
    `update_time`        datetime                                                        DEFAULT NULL ON UPDATE CURRENT_TIMESTAMP COMMENT 'æ›´æ–°æ—¶é—´',
    `remark`             varchar(100) CHARACTER SET utf8 COLLATE utf8_general_ci         DEFAULT NULL COMMENT 'å¤‡æ³¨',
    `del_flag`           char(2) CHARACTER SET utf8 COLLATE utf8_general_ci              DEFAULT '0' COMMENT 'é€»è¾‘åˆ é™¤æ ‡è®°ï¼ˆ0ï¼šæ˜¾ç¤ºï¼›1ï¼šéšè—ï¼‰',
    `type`               char(2)                                                         DEFAULT NULL COMMENT 'ç±»å‹ï¼ˆ1ã€å…³æ³¨æ—¶å›å¤ï¼›2ã€æ¶ˆæ¯å›å¤ï¼›3ã€å…³é”®è¯å›å¤ï¼‰',
    `req_key`            varchar(64)                                                     DEFAULT NULL COMMENT 'å…³é”®è¯',
    `req_type`           char(10)                                                        DEFAULT NULL COMMENT 'è¯·æ±‚æ¶ˆæ¯ç±»å‹ï¼ˆtextï¼šæ–‡æœ¬ï¼›imageï¼šå›¾ç‰‡ï¼›voiceï¼šè¯­éŸ³ï¼›videoï¼šè§†é¢‘ï¼›shortvideoï¼šå°è§†é¢‘ï¼›locationï¼šåœ°ç†ä½ç½®ï¼‰',
    `rep_type`           char(10)                                                        DEFAULT NULL COMMENT 'å›å¤æ¶ˆæ¯ç±»å‹ï¼ˆtextï¼šæ–‡æœ¬ï¼›imageï¼šå›¾ç‰‡ï¼›voiceï¼šè¯­éŸ³ï¼›videoï¼šè§†é¢‘ï¼›musicï¼šéŸ³ä¹ï¼›newsï¼šå›¾æ–‡ï¼‰',
    `rep_mate`           char(10)                                                        DEFAULT NULL COMMENT 'å›å¤ç±»å‹æ–‡æœ¬åŒ¹é…ç±»å‹ï¼ˆ1ã€å…¨åŒ¹é…ï¼Œ2ã€åŠåŒ¹é…ï¼‰',
    `rep_content`        text COMMENT 'å›å¤ç±»å‹æ–‡æœ¬ä¿å­˜æ–‡å­—',
    `rep_media_id`       varchar(64) CHARACTER SET utf8mb4 COLLATE utf8mb4_0900_ai_ci    DEFAULT NULL COMMENT 'å›å¤ç±»å‹imgeã€voiceã€newsã€videoçš„mediaIDæˆ–éŸ³ä¹ç¼©ç•¥å›¾çš„åª’ä½“id',
    `rep_name`           varchar(100) CHARACTER SET utf8mb4 COLLATE utf8mb4_0900_ai_ci   DEFAULT NULL COMMENT 'å›å¤çš„ç´ æåã€è§†é¢‘å’ŒéŸ³ä¹çš„æ ‡é¢˜',
    `rep_desc`           varchar(200) CHARACTER SET utf8mb4 COLLATE utf8mb4_0900_ai_ci   DEFAULT NULL COMMENT 'è§†é¢‘å’ŒéŸ³ä¹çš„æè¿°',
    `rep_url`            varchar(500) CHARACTER SET utf8mb4 COLLATE utf8mb4_0900_ai_ci   DEFAULT NULL COMMENT 'é“¾æ¥',
    `rep_hq_url`         varchar(500) CHARACTER SET utf8mb4 COLLATE utf8mb4_0900_ai_ci   DEFAULT NULL COMMENT 'é«˜è´¨é‡é“¾æ¥',
    `rep_thumb_media_id` varchar(64)                                                     DEFAULT NULL COMMENT 'ç¼©ç•¥å›¾çš„åª’ä½“id',
    `rep_thumb_url`      varchar(500)                                                    DEFAULT NULL COMMENT 'ç¼©ç•¥å›¾url',
    `content`            mediumtext COMMENT 'å›¾æ–‡æ¶ˆæ¯çš„å†…å®¹',
    PRIMARY KEY (`id`)
) ENGINE = InnoDB
  DEFAULT CHARSET = utf8mb4
  COLLATE = utf8mb4_0900_ai_ci COMMENT ='å¾®ä¿¡è‡ªåŠ¨å›å¤';

/*Data for the table `wx_auto_reply` */

/*Table structure for table `wx_menu` */

DROP TABLE IF EXISTS `wx_menu`;

CREATE TABLE `wx_menu`
(
    `id`                 varchar(32) CHARACTER SET utf8mb4 COLLATE utf8mb4_0900_ai_ci NOT NULL COMMENT 'èœå•IDï¼ˆclickã€scancode_pushã€scancode_waitmsgã€pic_sysphotoã€pic_photo_or_albumã€pic_weixinã€location_selectï¼šä¿å­˜keyï¼‰',
    `del_flag`           char(2) CHARACTER SET utf8mb4 COLLATE utf8mb4_0900_ai_ci      DEFAULT '0' COMMENT 'é€»è¾‘åˆ é™¤æ ‡è®°ï¼ˆ0ï¼šæ˜¾ç¤ºï¼›1ï¼šéšè—ï¼‰',
    `create_time`        datetime                                                      DEFAULT CURRENT_TIMESTAMP COMMENT 'åˆ›å»ºæ—¶é—´',
    `update_time`        datetime                                                      DEFAULT NULL ON UPDATE CURRENT_TIMESTAMP COMMENT 'æ›´æ–°æ—¶é—´',
    `sort`               int(11)                                                       DEFAULT '1' COMMENT 'æ’åºå€¼',
    `parent_id`          varchar(32) CHARACTER SET utf8mb4 COLLATE utf8mb4_0900_ai_ci  DEFAULT NULL COMMENT 'çˆ¶èœå•ID',
    `type`               char(20) CHARACTER SET utf8mb4 COLLATE utf8mb4_0900_ai_ci     DEFAULT NULL COMMENT 'èœå•ç±»å‹clickã€viewã€miniprogramã€scancode_pushã€scancode_waitmsgã€pic_sysphotoã€pic_photo_or_albumã€pic_weixinã€location_selectã€media_idã€view_limitedç­‰',
    `name`               varchar(20)                                                   DEFAULT NULL COMMENT 'èœå•å',
    `url`                varchar(500) CHARACTER SET utf8mb4 COLLATE utf8mb4_0900_ai_ci DEFAULT NULL COMMENT 'viewã€miniprogramä¿å­˜é“¾æ¥',
    `ma_app_id`          varchar(32) CHARACTER SET utf8mb4 COLLATE utf8mb4_0900_ai_ci  DEFAULT NULL COMMENT 'å°ç¨‹åºçš„appid',
    `ma_page_path`       varchar(100) CHARACTER SET utf8mb4 COLLATE utf8mb4_0900_ai_ci DEFAULT NULL COMMENT 'å°ç¨‹åºçš„é¡µé¢è·¯å¾„',
    `rep_type`           char(10) CHARACTER SET utf8mb4 COLLATE utf8mb4_0900_ai_ci     DEFAULT NULL COMMENT 'å›å¤æ¶ˆæ¯ç±»å‹ï¼ˆtextï¼šæ–‡æœ¬ï¼›imageï¼šå›¾ç‰‡ï¼›voiceï¼šè¯­éŸ³ï¼›videoï¼šè§†é¢‘ï¼›musicï¼šéŸ³ä¹ï¼›newsï¼šå›¾æ–‡ï¼‰',
    `rep_content`        text CHARACTER SET utf8mb4 COLLATE utf8mb4_0900_ai_ci COMMENT 'Text:ä¿å­˜æ–‡å­—',
    `rep_media_id`       varchar(64) CHARACTER SET utf8mb4 COLLATE utf8mb4_0900_ai_ci  DEFAULT NULL COMMENT 'imgeã€voiceã€newsã€videoï¼šmediaID',
    `rep_name`           varchar(100) CHARACTER SET utf8mb4 COLLATE utf8mb4_0900_ai_ci DEFAULT NULL COMMENT 'ç´ æåã€è§†é¢‘å’ŒéŸ³ä¹çš„æ ‡é¢˜',
    `rep_desc`           varchar(200) CHARACTER SET utf8mb4 COLLATE utf8mb4_0900_ai_ci DEFAULT NULL COMMENT 'è§†é¢‘å’ŒéŸ³ä¹çš„æè¿°',
    `rep_url`            varchar(500)                                                  DEFAULT NULL COMMENT 'é“¾æ¥',
    `rep_hq_url`         varchar(500) CHARACTER SET utf8mb4 COLLATE utf8mb4_0900_ai_ci DEFAULT NULL COMMENT 'é«˜è´¨é‡é“¾æ¥',
    `rep_thumb_media_id` varchar(64) CHARACTER SET utf8mb4 COLLATE utf8mb4_0900_ai_ci  DEFAULT NULL COMMENT 'ç¼©ç•¥å›¾çš„åª’ä½“id',
    `rep_thumb_url`      varchar(500)                                                  DEFAULT NULL COMMENT 'ç¼©ç•¥å›¾url',
    `content`            mediumtext COMMENT 'å›¾æ–‡æ¶ˆæ¯çš„å†…å®¹',
    PRIMARY KEY (`id`) USING BTREE
) ENGINE = InnoDB
  DEFAULT CHARSET = utf8mb4
  COLLATE = utf8mb4_0900_ai_ci COMMENT ='è‡ªå®šä¹‰èœå•è¡¨';

/*Data for the table `wx_menu` */

/*Table structure for table `wx_msg` */

DROP TABLE IF EXISTS `wx_msg`;

CREATE TABLE `wx_msg`
(
    `id`                 varchar(32) CHARACTER SET utf8 COLLATE utf8_general_ci NOT NULL DEFAULT '' COMMENT 'ä¸»é”®',
    `create_id`          varchar(32) CHARACTER SET utf8 COLLATE utf8_general_ci          DEFAULT NULL COMMENT 'åˆ›å»ºè€…',
    `create_time`        datetime                                                        DEFAULT CURRENT_TIMESTAMP COMMENT 'åˆ›å»ºæ—¶é—´',
    `update_id`          varchar(32) CHARACTER SET utf8 COLLATE utf8_general_ci          DEFAULT NULL COMMENT 'æ›´æ–°è€…',
    `update_time`        datetime                                                        DEFAULT NULL ON UPDATE CURRENT_TIMESTAMP COMMENT 'æ›´æ–°æ—¶é—´',
    `remark`             varchar(100) CHARACTER SET utf8 COLLATE utf8_general_ci         DEFAULT NULL COMMENT 'å¤‡æ³¨',
    `del_flag`           char(2) CHARACTER SET utf8 COLLATE utf8_general_ci              DEFAULT '0' COMMENT 'é€»è¾‘åˆ é™¤æ ‡è®°ï¼ˆ0ï¼šæ˜¾ç¤ºï¼›1ï¼šéšè—ï¼‰',
    `app_name`           varchar(50) CHARACTER SET utf8mb4 COLLATE utf8mb4_0900_ai_ci    DEFAULT NULL COMMENT 'å…¬ä¼—å·åç§°',
    `app_logo`           varchar(500)                                                    DEFAULT NULL COMMENT 'å…¬ä¼—å·logo',
    `wx_user_id`         varchar(32) CHARACTER SET utf8 COLLATE utf8_general_ci NOT NULL COMMENT 'å¾®ä¿¡ç”¨æˆ·ID',
    `nick_name`          varchar(200)                                                    DEFAULT NULL COMMENT 'å¾®ä¿¡ç”¨æˆ·æ˜µç§°',
    `headimg_url`        varchar(1000)                                                   DEFAULT NULL COMMENT 'å¾®ä¿¡ç”¨æˆ·å¤´åƒ',
    `type`               char(2)                                                         DEFAULT NULL COMMENT 'æ¶ˆæ¯åˆ†ç±»ï¼ˆ1ã€ç”¨æˆ·å‘ç»™å…¬ä¼—å·ï¼›2ã€å…¬ä¼—å·å‘ç»™ç”¨æˆ·ï¼›ï¼‰',
    `rep_type`           char(20) CHARACTER SET utf8mb4 COLLATE utf8mb4_0900_ai_ci       DEFAULT NULL COMMENT 'æ¶ˆæ¯ç±»å‹ï¼ˆtextï¼šæ–‡æœ¬ï¼›imageï¼šå›¾ç‰‡ï¼›voiceï¼šè¯­éŸ³ï¼›videoï¼šè§†é¢‘ï¼›shortvideoï¼šå°è§†é¢‘ï¼›locationï¼šåœ°ç†ä½ç½®ï¼›musicï¼šéŸ³ä¹ï¼›newsï¼šå›¾æ–‡ï¼›eventï¼šæ¨é€äº‹ä»¶ï¼‰',
    `rep_event`          char(20) CHARACTER SET utf8mb4 COLLATE utf8mb4_0900_ai_ci       DEFAULT NULL COMMENT 'äº‹ä»¶ç±»å‹ï¼ˆsubscribeï¼šå…³æ³¨ï¼›unsubscribeï¼šå–å…³ï¼›CLICKã€VIEWï¼šèœå•äº‹ä»¶ï¼‰',
    `rep_content`        text CHARACTER SET utf8mb4 COLLATE utf8mb4_0900_ai_ci COMMENT 'å›å¤ç±»å‹æ–‡æœ¬ä¿å­˜æ–‡å­—ã€åœ°ç†ä½ç½®ä¿¡æ¯',
    `rep_media_id`       varchar(64) CHARACTER SET utf8mb4 COLLATE utf8mb4_0900_ai_ci    DEFAULT NULL COMMENT 'å›å¤ç±»å‹imgeã€voiceã€newsã€videoçš„mediaIDæˆ–éŸ³ä¹ç¼©ç•¥å›¾çš„åª’ä½“id',
    `rep_name`           varchar(100) CHARACTER SET utf8mb4 COLLATE utf8mb4_0900_ai_ci   DEFAULT NULL COMMENT 'å›å¤çš„ç´ æåã€è§†é¢‘å’ŒéŸ³ä¹çš„æ ‡é¢˜',
    `rep_desc`           varchar(200) CHARACTER SET utf8mb4 COLLATE utf8mb4_0900_ai_ci   DEFAULT NULL COMMENT 'è§†é¢‘å’ŒéŸ³ä¹çš„æè¿°',
    `rep_url`            varchar(500) CHARACTER SET utf8mb4 COLLATE utf8mb4_0900_ai_ci   DEFAULT NULL COMMENT 'é“¾æ¥',
    `rep_hq_url`         varchar(500) CHARACTER SET utf8mb4 COLLATE utf8mb4_0900_ai_ci   DEFAULT NULL COMMENT 'é«˜è´¨é‡é“¾æ¥',
    `content`            mediumtext COMMENT 'å›¾æ–‡æ¶ˆæ¯çš„å†…å®¹',
    `rep_thumb_media_id` varchar(64)                                                     DEFAULT NULL COMMENT 'ç¼©ç•¥å›¾çš„åª’ä½“id',
    `rep_thumb_url`      varchar(500)                                                    DEFAULT NULL COMMENT 'ç¼©ç•¥å›¾url',
    `rep_location_x`     double                                                          DEFAULT NULL COMMENT 'åœ°ç†ä½ç½®ç»´åº¦',
    `rep_location_y`     double                                                          DEFAULT NULL COMMENT 'åœ°ç†ä½ç½®ç»åº¦',
    `rep_scale`          double                                                          DEFAULT NULL COMMENT 'åœ°å›¾ç¼©æ”¾å¤§å°',
    `read_flag`          char(2) CHARACTER SET utf8 COLLATE utf8_general_ci              DEFAULT '1' COMMENT 'å·²è¯»æ ‡è®°ï¼ˆ1ï¼šæ˜¯ï¼›0ï¼šå¦ï¼‰',
    PRIMARY KEY (`id`)
) ENGINE = InnoDB
  DEFAULT CHARSET = utf8mb4
  COLLATE = utf8mb4_0900_ai_ci COMMENT ='å¾®ä¿¡æ¶ˆæ¯';

/*Data for the table `wx_msg` */

/*Table structure for table `wx_user` */

DROP TABLE IF EXISTS `wx_user`;

CREATE TABLE `wx_user`
(
    `id`                    varchar(32) CHARACTER SET utf8 COLLATE utf8_general_ci       NOT NULL DEFAULT '' COMMENT 'ä¸»é”®',
    `create_id`             varchar(32) CHARACTER SET utf8 COLLATE utf8_general_ci                DEFAULT NULL COMMENT 'åˆ›å»ºè€…',
    `create_time`           datetime                                                              DEFAULT CURRENT_TIMESTAMP COMMENT 'åˆ›å»ºæ—¶é—´',
    `update_id`             varchar(32) CHARACTER SET utf8 COLLATE utf8_general_ci                DEFAULT NULL COMMENT 'æ›´æ–°è€…',
    `update_time`           datetime                                                              DEFAULT NULL ON UPDATE CURRENT_TIMESTAMP COMMENT 'æ›´æ–°æ—¶é—´',
    `remark`                varchar(100) CHARACTER SET utf8 COLLATE utf8_general_ci               DEFAULT NULL COMMENT 'ç”¨æˆ·å¤‡æ³¨',
    `del_flag`              char(2) CHARACTER SET utf8 COLLATE utf8_general_ci                    DEFAULT '0' COMMENT 'é€»è¾‘åˆ é™¤æ ‡è®°ï¼ˆ0ï¼šæ˜¾ç¤ºï¼›1ï¼šéšè—ï¼‰',
    `app_type`              char(2) CHARACTER SET utf8 COLLATE utf8_general_ci                    DEFAULT NULL COMMENT 'åº”ç”¨ç±»å‹(1:å°ç¨‹åºï¼Œ2:å…¬ä¼—å·)',
    `subscribe`             char(2) CHARACTER SET utf8 COLLATE utf8_general_ci                    DEFAULT NULL COMMENT 'æ˜¯å¦è®¢é˜…ï¼ˆ1ï¼šæ˜¯ï¼›0ï¼šå¦ï¼›2ï¼šç½‘é¡µæˆæƒç”¨æˆ·ï¼‰',
    `subscribe_scene`       varchar(50) CHARACTER SET utf8 COLLATE utf8_general_ci                DEFAULT NULL COMMENT 'è¿”å›ç”¨æˆ·å…³æ³¨çš„æ¸ é“æ¥æºï¼ŒADD_SCENE_SEARCH å…¬ä¼—å·æœç´¢ï¼ŒADD_SCENE_ACCOUNT_MIGRATION å…¬ä¼—å·è¿ç§»ï¼ŒADD_SCENE_PROFILE_CARD åç‰‡åˆ†äº«ï¼ŒADD_SCENE_QR_CODE æ‰«æäºŒç»´ç ï¼ŒADD_SCENEPROFILE LINK å›¾æ–‡é¡µå†…åç§°ç‚¹å‡»ï¼ŒADD_SCENE_PROFILE_ITEM å›¾æ–‡é¡µå³ä¸Šè§’èœå•ï¼ŒADD_SCENE_PAID æ”¯ä»˜åå…³æ³¨ï¼ŒADD_SCENE_OTHERS å…¶ä»–',
    `subscribe_time`        datetime                                                              DEFAULT NULL COMMENT 'å…³æ³¨æ—¶é—´',
    `subscribe_num`         int(11)                                                               DEFAULT NULL COMMENT 'å…³æ³¨æ¬¡æ•°',
    `cancel_subscribe_time` datetime                                                              DEFAULT NULL COMMENT 'å–æ¶ˆå…³æ³¨æ—¶é—´',
    `open_id`               varchar(64) CHARACTER SET utf8mb4 COLLATE utf8mb4_0900_ai_ci NOT NULL COMMENT 'ç”¨æˆ·æ ‡è¯†',
    `nick_name`             varchar(200) CHARACTER SET utf8mb4 COLLATE utf8mb4_0900_ai_ci         DEFAULT NULL COMMENT 'æ˜µç§°',
    `sex`                   char(2) CHARACTER SET utf8mb4 COLLATE utf8mb4_0900_ai_ci              DEFAULT NULL COMMENT 'æ€§åˆ«ï¼ˆ1ï¼šç”·ï¼Œ2ï¼šå¥³ï¼Œ0ï¼šæœªçŸ¥ï¼‰',
    `city`                  varchar(64) CHARACTER SET utf8mb4 COLLATE utf8mb4_0900_ai_ci          DEFAULT NULL COMMENT 'æ‰€åœ¨åŸå¸‚',
    `country`               varchar(64) CHARACTER SET utf8mb4 COLLATE utf8mb4_0900_ai_ci          DEFAULT NULL COMMENT 'æ‰€åœ¨å›½å®¶',
    `province`              varchar(64) CHARACTER SET utf8mb4 COLLATE utf8mb4_0900_ai_ci          DEFAULT NULL COMMENT 'æ‰€åœ¨çœä»½',
    `phone`                 varchar(15) CHARACTER SET utf8 COLLATE utf8_general_ci                DEFAULT NULL COMMENT 'æ‰‹æœºå·ç ',
    `language`              varchar(64) CHARACTER SET utf8mb4 COLLATE utf8mb4_0900_ai_ci          DEFAULT NULL COMMENT 'ç”¨æˆ·è¯­è¨€',
    `headimg_url`           varchar(1000) CHARACTER SET utf8mb4 COLLATE utf8mb4_0900_ai_ci        DEFAULT NULL COMMENT 'å¤´åƒ',
    `union_id`              varchar(64) CHARACTER SET utf8mb4 COLLATE utf8mb4_0900_ai_ci          DEFAULT NULL COMMENT 'union_id',
    `group_id`              varchar(64) CHARACTER SET utf8mb4 COLLATE utf8mb4_0900_ai_ci          DEFAULT NULL COMMENT 'ç”¨æˆ·ç»„',
    `tagid_list`            varchar(64) CHARACTER SET utf8mb4 COLLATE utf8mb4_0900_ai_ci          DEFAULT NULL COMMENT 'æ ‡ç­¾åˆ—è¡¨',
    `qr_scene_str`          varchar(64)                                                           DEFAULT NULL COMMENT 'äºŒç»´ç æ‰«ç åœºæ™¯',
    `latitude`              double                                                                DEFAULT NULL COMMENT 'åœ°ç†ä½ç½®çº¬åº¦',
    `longitude`             double                                                                DEFAULT NULL COMMENT 'åœ°ç†ä½ç½®ç»åº¦',
    `precision`             double                                                                DEFAULT NULL COMMENT 'åœ°ç†ä½ç½®ç²¾åº¦',
    `session_key`           varchar(200) CHARACTER SET utf8 COLLATE utf8_general_ci               DEFAULT NULL COMMENT 'ä¼šè¯å¯†é’¥',
    `mall_user_id`          varchar(32) CHARACTER SET utf8mb4 COLLATE utf8mb4_0900_ai_ci          DEFAULT NULL COMMENT 'å•†åŸç”¨æˆ·ID',
    PRIMARY KEY (`id`)
) ENGINE = InnoDB
  DEFAULT CHARSET = utf8mb4
  COLLATE = utf8mb4_0900_ai_ci COMMENT ='å¾®ä¿¡ç”¨æˆ·';

/*Data for the table `wx_user` */

/*!40101 SET SQL_MODE = @OLD_SQL_MODE */;
/*!40014 SET FOREIGN_KEY_CHECKS = @OLD_FOREIGN_KEY_CHECKS */;
/*!40014 SET UNIQUE_CHECKS = @OLD_UNIQUE_CHECKS */;
/*!40111 SET SQL_NOTES = @OLD_SQL_NOTES */;
